Category,Word
Communication Factors,adult
Communication Factors,affection
Communication Factors,alll
Communication Factors,alot
Communication Factors,anniversary
Communication Factors,apology
Communication Factors,app
Communication Factors,applaud
Communication Factors,appreciate
Communication Factors,appreciation
Communication Factors,ata
Communication Factors,baby
Communication Factors,behalf
Communication Factors,behaviour
Communication Factors,best
Communication Factors,birthday
Communication Factors,blossom
Communication Factors,branding
Communication Factors,break
Communication Factors,breakfast
Communication Factors,bunch
Communication Factors,call
Communication Factors,care
Communication Factors,cc
Communication Factors,cck
Communication Factors,celebration
Communication Factors,champ
Communication Factors,chat
Communication Factors,cheer
Communication Factors,child
Communication Factors,childhood
Communication Factors,cny
Communication Factors,comfort
Communication Factors,comment
Communication Factors,commenter
Communication Factors,communication
Communication Factors,communication 
Communication Factors,communicator
Communication Factors,compassion
Communication Factors,complaint
Communication Factors,con
Communication Factors,confidence
Communication Factors,conflict resolution
Communication Factors,consideration
Communication Factors,content
Communication Factors,conversation
Communication Factors,cooking
Communication Factors,core
Communication Factors,courage
Communication Factors,courtesy
Communication Factors,crush
Communication Factors,d
Communication Factors,date
Communication Factors,daugther
Communication Factors,day
Communication Factors,decision-making
Communication Factors,decoration
Communication Factors,demeanor
Communication Factors,devotion
Communication Factors,diem
Communication Factors,disappointment
Communication Factors,dissatisfaction
Communication Factors,doubt
Communication Factors,downer
Communication Factors,downside
Communication Factors,dream
Communication Factors,e
Communication Factors,email
Communication Factors,encouragement
Communication Factors,enthusiasm
Communication Factors,ex
Communication Factors,expectation
Communication Factors,exploration
Communication Factors,facilitation
Communication Factors,faith
Communication Factors,favouritism
Communication Factors,fee
Communication Factors,feed
Communication Factors,feedback
Communication Factors,food
Communication Factors,friendship
Communication Factors,fun
Communication Factors,game
Communication Factors,giving
Communication Factors,good
Communication Factors,goodbye
Communication Factors,grace
Communication Factors,granddaughter
Communication Factors,gratefulness
Communication Factors,gratitude
Communication Factors,gratitute
Communication Factors,greatfull
Communication Factors,greeting
Communication Factors,gripe
Communication Factors,guideline
Communication Factors,haha
Communication Factors,happening
Communication Factors,happiness
Communication Factors,haven
Communication Factors,heartfelt
Communication Factors,heartiest
Communication Factors,heed
Communication Factors,help
Communication Factors,here
Communication Factors,hero
Communication Factors,hiccup
Communication Factors,hope
Communication Factors,hubby
Communication Factors,impression
Communication Factors,infant
Communication Factors,inform
Communication Factors,inquiry
Communication Factors,insight
Communication Factors,introduction
Communication Factors,job
Communication Factors,joy
Communication Factors,kid
Communication Factors,kiddo
Communication Factors,kindness
Communication Factors,kudo
Communication Factors,l
Communication Factors,lao
Communication Factors,lia
Communication Factors,lil
Communication Factors,list
Communication Factors,listening
Communication Factors,living
Communication Factors,load
Communication Factors,loss
Communication Factors,lot
Communication Factors,love
Communication Factors,luck
Communication Factors,lunch
Communication Factors,meal
Communication Factors,mean
Communication Factors,mediation
Communication Factors,meltdown
Communication Factors,memory
Communication Factors,message
Communication Factors,miss
Communication Factors,mistake
Communication Factors,mix
Communication Factors,moment
Communication Factors,month
Communication Factors,mood
Communication Factors,morning
Communication Factors,negative
Communication Factors,negotiation
Communication Factors,night
Communication Factors,non
Communication Factors,note
Communication Factors,notification
Communication Factors,one
Communication Factors,ong
Communication Factors,opening
Communication Factors,passionate
Communication Factors,pat
Communication Factors,patience
Communication Factors,patient
Communication Factors,payment
Communication Factors,pcf
Communication Factors,peoplw
Communication Factors,personable
Communication Factors,personality
Communication Factors,persuasion
Communication Factors,pity
Communication Factors,plase
Communication Factors,playdate
Communication Factors,plea
Communication Factors,position
Communication Factors,post
Communication Factors,pr
Communication Factors,praise
Communication Factors,premium
Communication Factors,problem
Communication Factors,problem-solving
Communication Factors,qiqif
Communication Factors,question
Communication Factors,r
Communication Factors,rarity
Communication Factors,reason
Communication Factors,reassurance
Communication Factors,refund
Communication Factors,regret
Communication Factors,reminder
Communication Factors,reply
Communication Factors,reputation
Communication Factors,response
Communication Factors,review
Communication Factors,sacrifice
Communication Factors,satisfaction
Communication Factors,sentence
Communication Factors,shame
Communication Factors,shopping
Communication Factors,shoutout
Communication Factors,signature
Communication Factors,situation
Communication Factors,sm
Communication Factors,smile
Communication Factors,song
Communication Factors,span
Communication Factors,sparkle
Communication Factors,spirit
Communication Factors,star
Communication Factors,style
Communication Factors,suggestion
Communication Factors,surrounding
Communication Factors,talk
Communication Factors,tear
Communication Factors,telecommunication
Communication Factors,testimonial
Communication Factors,thank
Communication Factors,thankfulness
Communication Factors,thing
Communication Factors,thinking
Communication Factors,thumb
Communication Factors,time
Communication Factors,timeeee
Communication Factors,tlh
Communication Factors,toddler
Communication Factors,token
Communication Factors,tot
Communication Factors,total
Communication Factors,touch
Communication Factors,tranquil
Communication Factors,twinkle
Communication Factors,uniform
Communication Factors,update
Communication Factors,urslf
Communication Factors,vibe
Communication Factors,visitor
Communication Factors,waiting
Communication Factors,warned
Communication Factors,water
Communication Factors,website
Communication Factors,week
Communication Factors,weekend
Communication Factors,whatsapp
Communication Factors,willingness
Communication Factors,winner
Communication Factors,wonder
Communication Factors,word
Communication Factors,worry
Communication Factors,year
Communication Factors,yr
Cost Factors,budget
Cost Factors,cost
Cost Factors,increase
Cost Factors,price
Cost Factors,sale
Cost Factors,subsidy
Educational Factors,absence
Educational Factors,abundance
Educational Factors,abuse
Educational Factors,academic
Educational Factors,act
Educational Factors,activity
Educational Factors,addition
Educational Factors,administration
Educational Factors,advance
Educational Factors,advice
Educational Factors,æžè€å¸ˆ
Educational Factors,alphabet
Educational Factors,answer
Educational Factors,approach
Educational Factors,art
Educational Factors,artwork
Educational Factors,ask
Educational Factors,assignment
Educational Factors,attendance
Educational Factors,attentiveness
Educational Factors,attest
Educational Factors,availability
Educational Factors,awareness
Educational Factors,balance
Educational Factors,basis
Educational Factors,batch
Educational Factors,beat
Educational Factors,beginning
Educational Factors,behavior
Educational Factors,benefit
Educational Factors,biscuit
Educational Factors,bond
Educational Factors,bonus
Educational Factors,book
Educational Factors,butterfly
Educational Factors,calibre
Educational Factors,camelot
Educational Factors,career
Educational Factors,carer
Educational Factors,carnival
Educational Factors,caterpillar
Educational Factors,ceremony
Educational Factors,champion
Educational Factors,character
Educational Factors,charge
Educational Factors,check
Educational Factors,choice
Educational Factors,circumstance
Educational Factors,class
Educational Factors,classmate
Educational Factors,cleaning
Educational Factors,coding
Educational Factors,collegiality
Educational Factors,colour
Educational Factors,competency
Educational Factors,composition
Educational Factors,concept
Educational Factors,condition
Educational Factors,connection
Educational Factors,contrast
Educational Factors,convenience
Educational Factors,converse
Educational Factors,coordination
Educational Factors,corn
Educational Factors,cosy
Educational Factors,counting
Educational Factors,course
Educational Factors,cream
Educational Factors,creativity
Educational Factors,cross
Educational Factors,cuisine
Educational Factors,cum
Educational Factors,curriculum
Educational Factors,dance
Educational Factors,deposit
Educational Factors,design
Educational Factors,development
Educational Factors,dialogue
Educational Factors,director
Educational Factors,discipline
Educational Factors,disclaimer
Educational Factors,discussion
Educational Factors,diversity
Educational Factors,dog
Educational Factors,drama
Educational Factors,drift
Educational Factors,drive
Educational Factors,drop
Educational Factors,dropping
Educational Factors,è®²åžè¯­
Educational Factors,eat
Educational Factors,educarer
Educational Factors,education
Educational Factors,effort
Educational Factors,elder
Educational Factors,emphasis
Educational Factors,encounter
Educational Factors,engagement
Educational Factors,enquiry
Educational Factors,enrichment
Educational Factors,enrollment
Educational Factors,enrolment
Educational Factors,error
Educational Factors,evidence
Educational Factors,example
Educational Factors,excelent
Educational Factors,exhibition
Educational Factors,experice
Educational Factors,experience
Educational Factors,exposure
Educational Factors,facade
Educational Factors,face
Educational Factors,facilitate
Educational Factors,facilitator
Educational Factors,factor
Educational Factors,find
Educational Factors,focus
Educational Factors,foot
Educational Factors,footprint
Educational Factors,form
Educational Factors,friday
Educational Factors,globaltot
Educational Factors,goal
Educational Factors,grade
Educational Factors,graduation
Educational Factors,grassroot
Educational Factors,group
Educational Factors,grow
Educational Factors,growth
Educational Factors,guidance
Educational Factors,guide
Educational Factors,hairstyle
Educational Factors,hand
Educational Factors,handphone
Educational Factors,highlight
Educational Factors,hiring
Educational Factors,homework
Educational Factors,hood
Educational Factors,horizon
Educational Factors,hour
Educational Factors,ib
Educational Factors,idea
Educational Factors,impact
Educational Factors,impress
Educational Factors,imprinting
Educational Factors,improvement
Educational Factors,individual
Educational Factors,influence
Educational Factors,information
Educational Factors,initiative
Educational Factors,innovation
Educational Factors,inspiring
Educational Factors,institution
Educational Factors,intention
Educational Factors,interaction
Educational Factors,internship
Educational Factors,interview
Educational Factors,journey
Educational Factors,junior
Educational Factors,karaoke
Educational Factors,kat
Educational Factors,lack
Educational Factors,language
Educational Factors,lapse
Educational Factors,lead
Educational Factors,leadership
Educational Factors,league
Educational Factors,learner
Educational Factors,learning
Educational Factors,length
Educational Factors,lesson
Educational Factors,like
Educational Factors,local
Educational Factors,mah
Educational Factors,management
Educational Factors,marketing
Educational Factors,math
Educational Factors,mathematic
Educational Factors,matter
Educational Factors,measure
Educational Factors,medium
Educational Factors,meiyu
Educational Factors,mentality
Educational Factors,mention
Educational Factors,merger
Educational Factors,method
Educational Factors,methodology
Educational Factors,middle
Educational Factors,milestone
Educational Factors,mindspace
Educational Factors,minute
Educational Factors,mishap
Educational Factors,misinformation
Educational Factors,mission
Educational Factors,moon
Educational Factors,movie
Educational Factors,mth
Educational Factors,mud
Educational Factors,mural
Educational Factors,music
Educational Factors,myriad
Educational Factors,name
Educational Factors,nature
Educational Factors,need
Educational Factors,neurodivergent
Educational Factors,notallheroeswearcape
Educational Factors,numeracy
Educational Factors,nursery
Educational Factors,nut
Educational Factors,oat
Educational Factors,objective
Educational Factors,observation
Educational Factors,occasion
Educational Factors,opinion
Educational Factors,option
Educational Factors,organization
Educational Factors,pandemic
Educational Factors,performance
Educational Factors,period
Educational Factors,perspective
Educational Factors,phase
Educational Factors,phonic
Educational Factors,photo
Educational Factors,placement
Educational Factors,play
Educational Factors,player
Educational Factors,playschool
Educational Factors,pm
Educational Factors,poem
Educational Factors,pokemon
Educational Factors,potential
Educational Factors,practice
Educational Factors,practicum
Educational Factors,pre
Educational Factors,precinct
Educational Factors,premise
Educational Factors,preparation
Educational Factors,presch
Educational Factors,presentation
Educational Factors,principle
Educational Factors,pro
Educational Factors,professionalism
Educational Factors,program
Educational Factors,programme
Educational Factors,progress
Educational Factors,progression
Educational Factors,project
Educational Factors,proverb
Educational Factors,provision
Educational Factors,psle
Educational Factors,ptm
Educational Factors,qualm
Educational Factors,queue
Educational Factors,range
Educational Factors,rate
Educational Factors,rating
Educational Factors,reading
Educational Factors,recital
Educational Factors,registration
Educational Factors,relationship
Educational Factors,report
Educational Factors,request
Educational Factors,requirement
Educational Factors,resource
Educational Factors,responsibility
Educational Factors,result
Educational Factors,ride
Educational Factors,robotic
Educational Factors,rock
Educational Factors,routine
Educational Factors,scale
Educational Factors,schedule
Educational Factors,schooling
Educational Factors,science
Educational Factors,seam
Educational Factors,search
Educational Factors,series
Educational Factors,service
Educational Factors,session
Educational Factors,set
Educational Factors,shaw
Educational Factors,shifting
Educational Factors,shipping
Educational Factors,shivering
Educational Factors,shool
Educational Factors,show
Educational Factors,showcase
Educational Factors,sign
Educational Factors,sing
Educational Factors,skill
Educational Factors,snippet
Educational Factors,solution
Educational Factors,soonhao
Educational Factors,sort
Educational Factors,sparkletot
Educational Factors,speech
Educational Factors,sport
Educational Factors,spread
Educational Factors,spring
Educational Factors,start
Educational Factors,step
Educational Factors,story
Educational Factors,storytime
Educational Factors,structure
Educational Factors,study
Educational Factors,subject
Educational Factors,success
Educational Factors,suitability
Educational Factors,sunflower
Educational Factors,sunshine
Educational Factors,super
Educational Factors,superland
Educational Factors,swimming
Educational Factors,syllabus
Educational Factors,task
Educational Factors,tcer
Educational Factors,teach
Educational Factors,teaching
Educational Factors,technique
Educational Factors,temper
Educational Factors,term
Educational Factors,test
Educational Factors,testament
Educational Factors,tevie
Educational Factors,theme
Educational Factors,thought
Educational Factors,tip
Educational Factors,topic
Educational Factors,tour
Educational Factors,toy
Educational Factors,transformation
Educational Factors,transition
Educational Factors,transparency
Educational Factors,treatment
Educational Factors,tree
Educational Factors,trust
Educational Factors,tuition
Educational Factors,tution
Educational Factors,twinklekidz
Educational Factors,type
Educational Factors,understanding
Educational Factors,variety
Educational Factors,veggie
Educational Factors,violin
Educational Factors,virus
Educational Factors,vocabulary
Educational Factors,waitlist
Educational Factors,way
Educational Factors,wayang
Educational Factors,work
Educational Factors,workplace
Educational Factors,worksheet
Educational Factors,workshop
Educational Factors,writing
Educational Factors,yoga
Educational Factors,yogurt
Educational Factors,zhu
Educational Factors,zoo
Facility Factors, infrastructure
Facility Factors, location
Facility Factors,accessibility
Facility Factors,address
Facility Factors,age
Facility Factors,air
Facility Factors,aircon
Facility Factors,airy
Facility Factors,alternative
Facility Factors,amenities
Facility Factors,amenity
Facility Factors,bar
Facility Factors,basket
Facility Factors,bathroom
Facility Factors,bay
Facility Factors,bazaar
Facility Factors,beach
Facility Factors,bin
Facility Factors,block
Facility Factors,box
Facility Factors,branch
Facility Factors,brand
Facility Factors,building
Facility Factors,bus
Facility Factors,calendar
Facility Factors,campus
Facility Factors,canteen
Facility Factors,car
Facility Factors,carpark
Facility Factors,center
Facility Factors,centre
Facility Factors,chair
Facility Factors,change
Facility Factors,childcare
Facility Factors,church
Facility Factors,circus
Facility Factors,city
Facility Factors,classroom
Facility Factors,color
Facility Factors,community
Facility Factors,company
Facility Factors,concert
Facility Factors,consumer
Facility Factors,corner
Facility Factors,corridor
Facility Factors,counter
Facility Factors,cove
Facility Factors,curtain
Facility Factors,daycare
Facility Factors,decision
Facility Factors,deck
Facility Factors,delivery
Facility Factors,diaper
Facility Factors,distance
Facility Factors,door
Facility Factors,doorstep
Facility Factors,eg
Facility Factors,end
Facility Factors,envirolment
Facility Factors,environ
Facility Factors,environment
Facility Factors,equipment
Facility Factors,establishment
Facility Factors,event
Facility Factors,excursion
Facility Factors,facility
Facility Factors,family
Facility Factors,festival
Facility Factors,floor
Facility Factors,fort
Facility Factors,foundation
Facility Factors,franchise
Facility Factors,gate
Facility Factors,gem
Facility Factors,glass
Facility Factors,government
Facility Factors,ground
Facility Factors,gym
Facility Factors,holiday
Facility Factors,home
Facility Factors,house
Facility Factors,ifc
Facility Factors,infantcare
Facility Factors,infrastructure
Facility Factors,interior
Facility Factors,joinery
Facility Factors,junction
Facility Factors,key
Facility Factors,kindergarden
Facility Factors,kindergarten
Facility Factors,kindie
Facility Factors,kitchen
Facility Factors,km
Facility Factors,layout
Facility Factors,light
Facility Factors,location
Facility Factors,lockdown
Facility Factors,logistic
Facility Factors,look
Facility Factors,loop
Facility Factors,m
Facility Factors,mall
Facility Factors,map
Facility Factors,market
Facility Factors,mindchamp
Facility Factors,mom
Facility Factors,nap
Facility Factors,neighborhood
Facility Factors,neighbour
Facility Factors,neighbourhood
Facility Factors,nickel
Facility Factors,odyssey
Facility Factors,office
Facility Factors,origin
Facility Factors,outing
Facility Factors,outlet
Facility Factors,outside
Facility Factors,p
Facility Factors,pantry
Facility Factors,park
Facility Factors,parking
Facility Factors,part
Facility Factors,pavement
Facility Factors,pentomino
Facility Factors,pg
Facility Factors,phone
Facility Factors,pickup
Facility Factors,place
Facility Factors,plant
Facility Factors,playground
Facility Factors,playgroup
Facility Factors,pocket
Facility Factors,point
Facility Factors,pool
Facility Factors,preschool
Facility Factors,principal
Facility Factors,proximity
Facility Factors,punggol
Facility Factors,raffle
Facility Factors,raintree
Facility Factors,reception
Facility Factors,resources
Facility Factors,restaurant
Facility Factors,revival
Facility Factors,road
Facility Factors,room
Facility Factors,scar
Facility Factors,sch
Facility Factors,school
Facility Factors,schoolhouse
Facility Factors,screen
Facility Factors,seat
Facility Factors,second
Facility Factors,seed
Facility Factors,sengkangriversidepark
Facility Factors,senja
Facility Factors,shape
Facility Factors,site
Facility Factors,skool
Facility Factors,slot
Facility Factors,sofa
Facility Factors,space
Facility Factors,steam
Facility Factors,table
Facility Factors,tampine
Facility Factors,team
Facility Factors,technology
Facility Factors,theatre
Facility Factors,today
Facility Factors,toilet
Facility Factors,tool
Facility Factors,traffic
Facility Factors,transit
Facility Factors,transport
Facility Factors,tricycle
Facility Factors,trip
Facility Factors,tv
Facility Factors,umbrella
Facility Factors,utilities
Facility Factors,vacancy
Facility Factors,value
Facility Factors,venue 
Facility Factors,view
Facility Factors,village
Facility Factors,walkway
Facility Factors,whiteboard
Facility Factors,wing
Safety and Health Factors, health
Safety and Health Factors,ability
Safety and Health Factors,accident
Safety and Health Factors,allergy
Safety and Health Factors,anxiety
Safety and Health Factors,area
Safety and Health Factors,atmosphere
Safety and Health Factors,attitude
Safety and Health Factors,bit
Safety and Health Factors,case
Safety and Health Factors,child protection
Safety and Health Factors,cleanliness
Safety and Health Factors,commitment
Safety and Health Factors,compound
Safety and Health Factors,concern
Safety and Health Factors,cough
Safety and Health Factors,covid
Safety and Health Factors,crisis management
Safety and Health Factors,culture
Safety and Health Factors,detail
Safety and Health Factors,diet
Safety and Health Factors,difference
Safety and Health Factors,difficulty
Safety and Health Factors,disease
Safety and Health Factors,eczema
Safety and Health Factors,emergency response
Safety and Health Factors,emotional wellbeing
Safety and Health Factors,exercise
Safety and Health Factors,eye
Safety and Health Factors,fact
Safety and Health Factors,fear
Safety and Health Factors,field
Safety and Health Factors,firstaid
Safety and Health Factors,flu
Safety and Health Factors,garden
Safety and Health Factors,habit
Safety and Health Factors,health
Safety and Health Factors,hug
Safety and Health Factors,hygiene
Safety and Health Factors,kind
Safety and Health Factors,level
Safety and Health Factors,life
Safety and Health Factors,mandarin
Safety and Health Factors,mask
Safety and Health Factors,material
Safety and Health Factors,medication
Safety and Health Factors,mental health
Safety and Health Factors,milk
Safety and Health Factors,n
Safety and Health Factors,nightmare
Safety and Health Factors,nose
Safety and Health Factors,number
Safety and Health Factors,nutrition
Safety and Health Factors,ordeal
Safety and Health Factors,outbreak
Safety and Health Factors,people
Safety and Health Factors,person
Safety and Health Factors,picture
Safety and Health Factors,quarantine
Safety and Health Factors,query
Safety and Health Factors,rash
Safety and Health Factors,ratio
Safety and Health Factors,relaxation
Safety and Health Factors,rest
Safety and Health Factors,risk management
Safety and Health Factors,safeguarding
Safety and Health Factors,safety
Safety and Health Factors,self
Safety and Health Factors,sense
Safety and Health Factors,separation
Safety and Health Factors,shi
Safety and Health Factors,shout
Safety and Health Factors,sibling
Safety and Health Factors,sleep
Safety and Health Factors,standard
Safety and Health Factors,stress
Safety and Health Factors,stress management
Safety and Health Factors,system
Safety and Health Factors,tender
Safety and Health Factors,turnover
Safety and Health Factors,u
Safety and Health Factors,video
Safety and Health Factors,visit
Safety and Health Factors,welfare
Safety and Health Factors,withdrawal
Safety and Health Factors,yrs
Staff and Management Factors,å°é›¨è€å¸ˆ
Staff and Management Factors,å°šè€å¸ˆ
Staff and Management Factors,action
Staff and Management Factors,admin
Staff and Management Factors,administrator
Staff and Management Factors,æ›²è€å¸ˆ
Staff and Management Factors,æ¨è€å¸ˆ
Staff and Management Factors,aladdin
Staff and Management Factors,angeline
Staff and Management Factors,approachability
Staff and Management Factors,aspect
Staff and Management Factors,assistant
Staff and Management Factors,assurance
Staff and Management Factors,attention
Staff and Management Factors,auntie
Staff and Management Factors,ayla
Staff and Management Factors,blessing
Staff and Management Factors,bonding
Staff and Management Factors,boss
Staff and Management Factors,boy
Staff and Management Factors,caregiver
Staff and Management Factors,caring
Staff and Management Factors,cecilia
Staff and Management Factors,challenge
Staff and Management Factors,chance
Staff and Management Factors,chef
Staff and Management Factors,coaching
Staff and Management Factors,collaboration
Staff and Management Factors,communication factors:
Staff and Management Factors,competence
Staff and Management Factors,conclusion
Staff and Management Factors,contact
Staff and Management Factors,contribution
Staff and Management Factors,cook
Staff and Management Factors,couple
Staff and Management Factors,csm
Staff and Management Factors,customer
Staff and Management Factors,daddy
Staff and Management Factors,daugher
Staff and Management Factors,daughter
Staff and Management Factors,daugter
Staff and Management Factors,debbie
Staff and Management Factors,dedication
Staff and Management Factors,desmond
Staff and Management Factors,dion
Staff and Management Factors,direction
Staff and Management Factors,disparity
Staff and Management Factors,è°¢è€å¸ˆ
Staff and Management Factors,ease
Staff and Management Factors,educator
Staff and Management Factors,elf
Staff and Management Factors,elfa
Staff and Management Factors,elsa
Staff and Management Factors,empathy
Staff and Management Factors,employee
Staff and Management Factors,enquire
Staff and Management Factors,eton
Staff and Management Factors,eva
Staff and Management Factors,eversince
Staff and Management Factors,excellence
Staff and Management Factors,expertise
Staff and Management Factors,fantastico
Staff and Management Factors,father
Staff and Management Factors,feeling
Staff and Management Factors,finance
Staff and Management Factors,fincess
Staff and Management Factors,friend
Staff and Management Factors,friendliness
Staff and Management Factors,gal
Staff and Management Factors,gangster
Staff and Management Factors,gift
Staff and Management Factors,girl
Staff and Management Factors,graduate
Staff and Management Factors,grandaughter
Staff and Management Factors,grandchild
Staff and Management Factors,grandson
Staff and Management Factors,grp
Staff and Management Factors,guy
Staff and Management Factors,gwen
Staff and Management Factors,head
Staff and Management Factors,heart
Staff and Management Factors,heartwarming
Staff and Management Factors,helper
Staff and Management Factors,honor
Staff and Management Factors,hreat
Staff and Management Factors,husband
Staff and Management Factors,importance
Staff and Management Factors,incident
Staff and Management Factors,inclement
Staff and Management Factors,injury
Staff and Management Factors,instructor
Staff and Management Factors,interest
Staff and Management Factors,issue
Staff and Management Factors,jasper
Staff and Management Factors,knowledge
Staff and Management Factors,lady
Staff and Management Factors,laoshi
Staff and Management Factors,leader
Staff and Management Factors,letterland
Staff and Management Factors,loving
Staff and Management Factors,manager
Staff and Management Factors,mentor
Staff and Management Factors,mentoring
Staff and Management Factors,mile
Staff and Management Factors,mind
Staff and Management Factors,mindchamper
Staff and Management Factors,mindschamp
Staff and Management Factors,mommy
Staff and Management Factors,money
Staff and Management Factors,mother
Staff and Management Factors,ms
Staff and Management Factors,mum
Staff and Management Factors,mummy
Staff and Management Factors,niece
Staff and Management Factors,nithya
Staff and Management Factors,notch
Staff and Management Factors,nurul
Staff and Management Factors,operation
Staff and Management Factors,opportunity
Staff and Management Factors,owner
Staff and Management Factors,parent
Staff and Management Factors,partner
Staff and Management Factors,partnership
Staff and Management Factors,passion
Staff and Management Factors,peace
Staff and Management Factors,peer
Staff and Management Factors,performance management
Staff and Management Factors,planning
Staff and Management Factors,pleasure
Staff and Management Factors,plenty
Staff and Management Factors,premier
Staff and Management Factors,preschooler
Staff and Management Factors,president
Staff and Management Factors,pride
Staff and Management Factors,proficiency
Staff and Management Factors,promise
Staff and Management Factors,qualification
Staff and Management Factors,quality
Staff and Management Factors,quality assurance
Staff and Management Factors,raffleskidz
Staff and Management Factors,rebrand
Staff and Management Factors,recruitment
Staff and Management Factors,regard
Staff and Management Factors,relocation
Staff and Management Factors,ren
Staff and Management Factors,restriction
Staff and Management Factors,role
Staff and Management Factors,sabrina
Staff and Management Factors,salha
Staff and Management Factors,sanae
Staff and Management Factors,security
Staff and Management Factors,sensei
Staff and Management Factors,share
Staff and Management Factors,sharing
Staff and Management Factors,sharon
Staff and Management Factors,sincerity
Staff and Management Factors,sister
Staff and Management Factors,son
Staff and Management Factors,speaking
Staff and Management Factors,staff
Staff and Management Factors,staff development
Staff and Management Factors,staffing
Staff and Management Factors,stewardship
Staff and Management Factors,strategy
Staff and Management Factors,strength
Staff and Management Factors,student
Staff and Management Factors,stuff
Staff and Management Factors,subsidiary
Staff and Management Factors,summary
Staff and Management Factors,supervision
Staff and Management Factors,supervisor
Staff and Management Factors,support
Staff and Management Factors,t
Staff and Management Factors,tacher
Staff and Management Factors,teacher
Staff and Management Factors,teather
Staff and Management Factors,tejaswini
Staff and Management Factors,trainer
Staff and Management Factors,training
Staff and Management Factors,transfer
Staff and Management Factors,tutor
Staff and Management Factors,twin
Staff and Management Factors,uncle
Staff and Management Factors,vice
Staff and Management Factors,vp
Staff and Management Factors,warmth
Staff and Management Factors,weight
Staff and Management Factors,welcoming
Staff and Management Factors,wife
Staff and Management Factors,willow
Staff and Management Factors,worker
Staff and Management Factors,workforce
Staff and Management Factors,working
Staff and Management Factors,ye
