Preschool_Name,Topic 0,Topic 1,Topic 2,Topic 3
7oaks Preschool - Bukit Batok,0.2516203703703704,0.2516203703703704,,
Aaytozee @ Hillview,0.2697474747474748,-0.14451785714285714,,
Ace @ Work Childcare (JE288B),0.28736111111111107,0.280294945597166,,
Ace @ Work Childcare Pte Ltd (703 Choa Chu Kang St 53),0.31618859879517136,0.375180160454369,,0.10714285714285714
Ace @ Work Childcare Pte Ltd (CCK 757),0.3020651593970922,0.3706103552532124,,0.26571428571428574
Ace @ Work Childcare Pte Ltd (Cashew Heights),0.29454544201940036,0.34953553921568625,0.0,0.0
Acekidz @ SG Pte Ltd (Yishun),,-0.07021464646464647,,
Active Learners,,-0.016666666666666656,,
Adventure Tree Preschool - Holland,0.4683854166666667,,,
Agape Child Care (CCK) Pte Ltd,0.5375,0.08899999999999998,,
Agape Little Uni @ Cecil Pte Ltd,,0.21977564102564098,,
Agape Little Uni @ Clementi Pte Ltd,0.7549999999999999,,,
Agape Little Uni @ Kallang Pte Ltd,,0.8775,,
Agape Little Uni Jurong West Centre,,0.0,0.0,
Agape Little Uni Thomson Centre,,0.1318181818181818,,
Agape Little Uni. @ Gambas Pte Ltd,0.51,-0.1942207792207792,,
Al - Ansar Mosque Kindergarten,1.0,,,
Al-Amin Education Pte Ltd,,0.008611111111111115,,
Ang Mo Kio Methodist Preschool,0.3763304082281355,0.4845695970695971,,
Baby Elk Infant Care Singapore,0.0,0.3441148228457774,,
Bedok Methodist Preschool SPARK Certification,0.3719104476441433,0.37980639730639726,0.0,
Bethesda (Ang Mo Kio) Kindergarten,0.2689134920634921,0.1528793650793651,,
Bethesda (Katong) Kindergarten,0.78125,0.0,0.0,
Bethesda (Pasir Ris) Kindergarten,0.38537486028928336,0.2563362974987975,,
Blossom Creative Centre (Bedok),0.3955871792990437,0.16962350421909245,,
Blossom Discovery Centre (Serangoon),0.3124404761904762,0.1855761904761905,,
Blossom Fantasia Centre (Loyang),,0.64375,,
BlueTree Education (Choa Chu Kang),0.4055524475524475,0.7,,
Bridging Stars Childcare Pte Ltd,0.4580757448068513,0.16305472615182437,,
Bright Kids @ Jurong West Pte Ltd,0.7000000000000001,0.3499999999999999,,
Bright Kids School House Pte Ltd (192 Punggol Central),0.37518091874341875,0.4970381880024737,,
Brighton Montessori @ Crystal Court,0.6833333333333335,0.013306878306878303,-0.06515151515151515,
Brighton Montessori @ Kovan (Formerly known as Canberra Preschool),0.4342739898989899,,,
Brighton Montessori Centres Pte Ltd (190 Ang Mo Kio Avenue 8),0.5295714285714286,0.53,,
Brighton Montessori Centres Pte Ltd (Mountbatten),0.2422462406015038,-0.13333333333333333,,
Brighton Montessori International Pre-School @ Frankel,,0.25057692307692303,,
Brighton Montessori International Pre-School @ Sunset,0.4037037037037037,,,
Bukit Panjang Methodist Church Kindergarten,0.5261363636363637,,,
Busy Bees Singapore Pte Ltd (Small Wonder Anchorvale),0.3763888888888889,0.09444444444444446,,
Calvary Pandan Kindergarten,0.36620370370370364,0.1825,,
Cambridge @ Artra Alexandra,0.27791666666666665,0.2849963924963925,,
Cambridge @ Dairy Farm,0.65,0.1625,,
Cambridge @ Fernvale Pte Ltd,0.22291666666666668,0.23248177897371444,,
Cambridge @ Kingsford Waterbay Pte Ltd,0.3988796662274924,0.28736231491938014,,
Cambridge @ MacPherson,0.3219166666666667,0.24007119716734665,,
Cambridge @ Robertson,0.38529411764705884,0.6025,,
Cambridge @ Serangoon Gardens Pte Ltd,0.29921183632202913,0.1604378415880283,0.10625000000000001,
Camelot River Valley,0.35290332291165627,0.37478952116488234,,
Carpe Diem @ 2 Ang Mo Kio Drive,0.7,0.7,,
Carpe Diem @ 78 Yio Chu Kang,0.2677986111111111,0.3245805534334946,,
Carpe Diem @ Bukit Batok Central,1.0,0.4623511904761905,,
Carpe Diem @ Fajar Road,,0.2091787439613527,,
Carpe Diem @ Hilltop Pte Ltd,0.4644047619047618,0.1834897613351561,,
Carpe Diem @ Jurong Kechil,,0.11363636363636363,,
Carpe Diem @ Parkway Centre Pte Ltd,0.3961498917748918,0.3666731859410431,,
Carpe Diem @ Petir,0.35,0.1,0.6,0.6
Carpe Diem Childcare Resort Pte Ltd,0.037500000000000006,,,
Carpe Diem Schoolhouse Pte Ltd (5 Toh Yi Drive),0.30000000000000004,,,
Carpe Diem Springs Preschool,0.42637818401405353,0.23841246151724094,,
Carpe Diem Starlets 2,0.4593749999999999,0.00972222222222223,,
Carpe Diem Starlets Sparkle Pte Ltd,0.277202380952381,,,
Catholic Kindergarten,,0.20069444444444443,,
Cavenur Kindergarten,0.5,,,
Chatsworth Preschool - Clementi Woods,0.4688311688311688,0.19271694214876034,,
Chatsworth Preschool - Piccadilly Campus,0.4879879148629149,0.4873631535947712,,
Cherie Hearts @ Charlton Pte Ltd,0.36035369527059424,0.32248957079556584,,
Child at Street 11,0.4000000000000001,-0.4949999999999999,,
ChildFirst @ Mountbatten,0.4108769759281123,0.1615530303030303,0.6499999999999999,
Childfirst@Tampines Pte Ltd,0.5008928571428571,0.44999999999999996,,
Children's Cove Preschool - Pasir Ris,0.4169097222222222,0.3261161616161616,,
Children's Cove Preschool - Sembawang,0.34236880672324754,0.20361169733044734,,
ChildrenÃÂs Cove Preschool Pte Ltd (Novena),0.37534485479797985,0.4328888888888889,,
ChildrenÃ¢ÂÂs Cove Preschool - Orange Grove,0.1889697802197802,0.10680442165490013,,
Clementi Woods Kindergarten,0.5608333333333333,,,
Creative Thinkers Preschool Pte Ltd,0.2565,0.7,,
Crestar Learning Centre @ Woodlands Civic Centre,-0.48828125,,-0.48828125,-0.48828125
DAS Chua Chu Kang Learning Centre,,0.3125,,
Da Little Preschool in Tamarind,0.4394908522849699,0.11923330960291093,,
E-Bridge Pre-School 670 Edgefield Plains,,0.034895833333333334,0.034895833333333334,
E-Bridge Pre-School Forest Spring,0.5253125,0.5369999999999999,,
E-Bridge Pre-School Pte Ltd (126A Canberra Street),,0.15142992424242424,,
E-Bridge Pre-School Pte Ltd (140 Corporation Drive),0.20363636363636362,0.3102174611103182,0.1,0.1
E-Bridge Pre-School Pte Ltd (17 Circuit Road),0.0,0.195,,
"E-Bridge Pre-School Pte Ltd (217, Compassvale Drive)",0.45737345041322314,,,
"E-Bridge Pre-School Pte Ltd (226A, Sumang Lane)",,0.0,,
"E-Bridge Pre-School Pte Ltd (592C, Montreal Link)",0.31,0.31,,
E-Bridge Pre-School Pte Ltd (Bukit Panjang Plaza),0.13636363636363635,0.13636363636363635,,
ELF Preschool,0.4091516503473335,0.32005411255411254,,
ELFA Chinese Preschool @ Pandan Valley,,0.25,,
ELFA Preschool @ Hougang,0.38471910034410034,0.3558620117256481,,
ELFA Preschool @ Jurong,,0.14375,,
Eager Kids Montessori,0.2978580898268398,0.25,0.0,
Eshkol Valley @ Northstar Pte Ltd,0.4133748768123768,0.44718321615801854,,
Eshkol Valley @ Sengkang Pearl Pte Ltd,0.40243992034901127,0.07446842860740191,,
EtonHouse Bilingual Pre-School Pte Ltd,,0.39999999999999997,0.39999999999999997,
EtonHouse Pre-School Pte Ltd (Newton),0.42371882086167806,0.15412236969379828,,
EtonHouse Pre-School Pte Ltd (Vanda),1.0,0.04179029304029303,0.04179029304029303,
Faith Methodist Preschool,0.34412254412254417,0.3203755411255412,,
First Steps Preschool @ Depot Road,0.3438384003486978,0.3031866547552689,,
First Steps Preschool @ East Coast,0.3370975165185691,0.28631563852813857,,
First Steps Preschool @ MacPherson,0.3019993894993895,0.18524834998467152,,
First Steps Preschool @ Sengkang,0.3038541666666667,0.4103030303030302,,
First Steps Preschool @ Yishun,0.33518253968253975,0.24969146825396826,,
Foo Hai Aspiration Child Care Centre @ Tampines,0.5333333333333333,0.3614880952380952,,
GREENLAND CHILDCARE @ YISHUN,0.7,0.27999999999999997,,
Gifted Learners Student Care @ Choa Chu Kang,,1.0,,
Global Mindz (Eden) Preschool Limited,,0.17499999999999996,,
Global Tots @ Eastgate Pte Ltd,0.2652570707070707,0.228492643027704,,
Glory Joy Child Development Centre,0.42990380398110667,0.2641842889229253,,
Good Shepherd Preschool,0.375,,,
Grace Child Development Centre,,-0.04218750000000001,,
Greenery Childcare Centre,0.40682481060606057,0.28666457811194657,,
Greenland Childcare @ Fernvale Pte Ltd,0.3228819665183301,0.17297705628852322,,
Greenland Childcare @ Sumang Walk Pte Ltd,,0.18834249673282696,,
Happy Family Edu-Hub Pte Ltd,,0.0496031746031746,,
Happy Town Childcare Pte Ltd,1.0,0.6999999999999998,1.0,
Haven Schoolhouse @ Bedok North,0.2785,1.0,,
Hope Childcare Centre,0.542037037037037,0.47814853076216707,,
House on The Hill Mount Sophia - Montessori Pre-School,0.2723797793115975,0.13518823438466296,,
House on the Hill Pasir Panjang - Montessori Pre-School,0.18639774367047093,-0.010337301587301548,,
Iyad Perdaus Child Development (Hougang),,0.15583333333333335,,
Joyous Learning,0.4295774940778405,0.2500833990457868,,
Julia Gabriel Preschool Keppel Marina,0.47569022788178633,0.35000000000000003,,
Julia Gabriel Preschool Mountbatten,0.4340409590409591,0.30186270169224716,,
Julia Gabriel Preschool Thomson,0.23984335839599,,,
Junior Champs @ Kovan Pte Ltd,,0.17583333333333337,,
Junior Champs Preschool (18 Tai Seng),0.3967948717948719,,,
Junior Champs Preschool (Grantral Mall),0.35989583333333336,,0.35989583333333336,0.35989583333333336
JustEdu Learning Centre (Bukit Gombak),0.3076211734693878,0.433600863422292,,
Khalsa Kindergarten,0.5194805194805194,0.29999999999999993,0.06818181818181818,
Kiddiwinkie Schoolhouse @ Grandstand Pte Ltd (Cactus),0.31565005795238354,0.3112510327365826,,
Kiddiwinkie Schoolhouse @ Newton,0.4009282687037621,0.2957449343859533,,
Kiddiwinkie Schoolhouse @ Novena Pte Ltd,0.4851201923076923,0.2708792701863354,,
Kiddiwinkie Schoolhouse @ Upper Bukit Timah,0.35024999999999995,0.3480871212121212,,
Kiddiwinkie Schoolhouse Singapore Pte Ltd (MacRitchie Park),0.36456443688586554,0.5824622071050642,,
Kids' Star Child Development Centre (S) Pte Ltd,0.3625,-0.7916666666666667,-0.16666666666666666,
Kidskingdom Pte Ltd,0.38,0.054285714285714284,,
Kidsville Child Care & Development Centre (201 Yishun St 21),0.45225446428571436,0.11306361607142859,,
Kidz Meadow @ Buangkok Ridge,0.40974863430220576,0.34045283420283423,,
Kidz Meadow Childcare & Development Centre (Bedok North),0.32009160964329614,0.40385729670656145,,
Kidz Meadow Childcare & Development Centre (Eunos),0.451875,0.3438296750992064,,
Kidz Meadow Childcare & Development Centre (Jurong West),0.3357656611065702,0.2615488215488216,,
Kidz Meadow Childcare & Development Centre (Pasir Ris),0.3629924242424243,0.38386108989050166,0.35,
Kidz Meadow Childcare & Development Centre (Yew Tee),0.3575689935064935,0.20581587635054022,,
Kidz Meadow Childcare & Development Centre (Yishun),0.35496187797113726,0.23871274044885155,,
Kinderland Preschool (202 Hougang Street 21),0.5,0.4479356060606061,,
Kinderland Preschool (Marine Parade),0.5325569601394278,0.2819420339761249,,
Kinderland Preschool (Ministry of Manpower),0.45488706945228685,0.5335221674876847,0.0,
Kinderland Preschool (Pandan Valley),0.3159090909090909,0.6025,,
Kinderland Preschool (Revenue House),0.5050505050505051,0.42341687552213864,,
Kinderland Preschool (Woodlands Civic Centre),0.5383888888888889,0.30679012345679013,,
Kinderland Preschool (Yio Chu Kang),0.6413888888888888,0.5289074074074074,,
Kinderland Preschool @ Sengkang,0.44464285714285723,0.15714285714285717,,
Kinderland Preschool @ Sunshine Place,0.36583333333333334,0.3903409090909091,,
Kinderland Preschool @ Woodlands Mart,0.42499999999999993,0.15845643939393936,0.0,0.0
Learning Kidz @ Jubilee Square,0.3941176470588235,0.3031617090017825,,
Learning Kidz @ Tampines Plaza,0.4375,0.22052761341222882,,
Learning Kidz @ Tampines Point,,-0.37777777777777777,,
Learning Kidz Child Development Centre LLP,0.3869047619047619,0.05594696969696969,,
Learning Vision @ Harbourlink (Pasir Panjang),0.7183333333333334,0.21787968975468977,,
Learning Vision @ Raffles Place,0.32799942640049595,0.31971590332540284,,
Learning Vision @ Techpoint,0.8125,0.6933333333333334,,
Learning Vision @ Work Pte Ltd (Biopolis),0.5925,0.4200000000000001,,
Learning Vision @ Work Pte Ltd (Changi Airport),0.3828219696969697,0.38000000000000006,,
Learning Vision @ Work Pte Ltd (Hwa Chong),0.41489007940712486,0.509263468013468,,
Learning Vision @ Work Pte Ltd (NTU),0.5097662293846504,0.3609838077159301,,
Learning Vision @ Work Pte Ltd (NUH Medical Centre),0.3347172675521821,0.3098886827458256,,
Learning Vision @ Work Pte Ltd (Nanyang Polytechnic),0.4242109698172198,0.19940757275132276,,
Learning Vision @ Work Pte Ltd (Seng Kang Community Hospital),0.209375,0.6999999999999998,,
Learning Vision @ Work Pte Ltd (Tan Tock Seng Hospital),0.2867708333333333,0.2686167478354978,,
Learning Vision @ Work Pte Ltd (Woodlands Vista Point),0.43632537334460414,0.3001788606597157,,
Little Beez Playskool,0.10000000000000002,0.475,0.475,0.475
Little Dolphins Playskool (Choa Chu Kang),0.425,-0.1,,
Little Footprints Preschool (Admiralty),0.30364583333333334,0.3958333333333333,,
Little Footprints Preschool (Ang Mo Kio),0.45822650865352726,0.2906983236820899,,
Little Footprints Preschool (Boon Keng),0.2558333105386677,0.2456876948988962,,
Little Footprints Preschool (Bukit Panjang 546),0.37768939393939394,0.39851190476190473,,
Little Footprints Preschool (Bukit Panjang 631),0.3666666666666667,0.2538095238095238,,
Little Footprints Preschool (Choa Chu Kang - Limbang),0.39999999999999997,0.3686143804112554,,
Little Footprints Preschool (Choa Chu Kang 427),0.32533333333333336,,,
Little Footprints Preschool (ITE West),0.24140624999999996,0.4589862351190476,,
Little Footprints Preschool (Jurong West 660),0.1767404761904762,0.3597103333333333,,
Little Footprints Preschool (Keat Hong 803),0.3336482483565817,0.3897569444444444,,
Little Footprints Preschool (Keat Hong 805),0.359375,0.4697438350340136,,
Little Footprints Preschool (Kent Ridge),0.052951388888888895,0.2220680489101542,,
Little Footprints Preschool (Lakeside),0.31281622023809524,0.3568452380952381,,
Little Footprints Preschool (Punggol Beach),0.31991184396463895,0.2540275532396591,,
Little Footprints Preschool (Sengkang 260),0.4043939393939394,0.37684523809523807,,
Little Footprints Preschool (Sengkang 439),0.22506762784540563,0.13540454123208753,,
Little Footprints Preschool (West Coast),0.39999999999999997,0.14523809523809525,,
Little Footprints Preschool (Woodgrove),0.37314435253742223,0.3690418664651723,,
Little Footprints Preschool (Woodlands 316),0.2543770292207792,,,
Little Footprints Preschool (Woodlands 877),0.24990079365079365,0.20293440355940354,,
Little Footprints Preschool (Yio Chu Kang - Upper Thomson),0.28690476190476194,0.29125,,
Little Footprints Preschool (Yishun 701),0.3895967122702086,0.2304741943241943,,
Little Footprints Preschool Group Pte Ltd (140 Bishan Street 12),0.1859375901875902,0.24822980800064132,,
Little Footprints Preschool Group Pte Ltd (255 Serangoon Central Drive),0.3707580266955267,0.30045589133089134,,
Little Footprints Preschool Pte Ltd (743 Bedok Reservoir Road),0.285703125,0.3259559911242604,,
Little Footprints Preschool Pte Ltd (Bukit Purmei),0.4270833333333333,0.24104166666666668,,
Little Footprints Preschool Pte Ltd (Jurong East 248),0.401877558360652,0.2703521701609937,,
Little Footprints Preschool Pte Ltd (Jurong West 721),0.4942857142857143,0.12857738095238094,,
Little Footprints Preschool Pte Ltd (Punggol 107),0.21637654012654012,0.2242212393615455,,
Little Footprints Preschool Pte Ltd (Punggol 168),0.37481772824412257,0.3181181974220665,,
Little Footprints Preschool Pte Ltd (Sengkang 201),0.31599729437229435,0.2762795483025746,,
Little Footprints Preschool Pte Ltd (Sengkang 205),0.3277777777777778,0.17128267973856207,,
Little Footprints Preschool Pte Ltd (Tampines 372),0.44949702380952383,0.42133482938629996,,
Little Footprints Preschool Pte Ltd (Tampines 460),0.45874565972222225,0.39949494949494946,,
Little Footprints Preschool Pte Ltd (Teban Gardens),0.3079385313895706,0.3217217600598283,,
Little Footprints Preschool Pte Ltd (Yishun 366),0.42040085565476193,0.32760523789935553,,
Little Footprints Preschool Pte Ltd (Yishun 388),0.2996262531328321,0.311235119047619,,
Little Footprints Preschool Pte Ltd (Yishun 865),0.42183821644187974,0.3302882481591121,,
Little Green House @ Aljunied,0.3934,0.20238715277777777,,
Little Green House @ Bukit Batok,0.382486221340388,0.10774314493560526,,
Little Green House @ Jurong West 502,0.4375,,,
Little Green House @ Serangoon 540,0.4101136363636364,0.35332916666666664,,
Little Green House @ Serangoon Block 553,0.4926866766745799,0.3381132756132756,,
Little Green House @ Tampines,0.2772851324023199,0.20117630385487528,,
Little Green House @ Yishun,0.26781802523827924,0.39901833507467155,,
Little Greenhouse @ Hougang Pte Ltd,0.21838598901098902,0.4803676470588235,,
Little Greenhouse @ Woodlands Pte Ltd,0.4190900072150072,0.3034560438427945,,
Little Mighty Me Pte Ltd,0.3775811688311689,0.29265418085750566,,
Little Olive Tree (FMC Farrer Park),0.25779610964620453,0.6344047619047618,,
Little Olive Tree (Pasir Ris 21),,0.3262310606060606,,
Little Olive Tree (Tampines),0.2227435064935065,0.31142857142857144,,
Little Paddington Preschool Serangoon Pte Ltd,0.9,0.19569181397306398,,
Little Paddington Preschool Tanglin Park Pte Ltd,0.36874999999999997,,,
Little Petals @ Symphony,,-0.06489583333333337,,
Little Petals Preschool Pte Ltd,0.29583333333333334,0.06438472021805354,,
Little Seeds Preschool (Capstone),0.24320987654320986,0.24320987654320986,,
Little Seeds Preschool (Praiseland),0.3704427083333333,0.44525062656641606,,
Little Seeds Preschool (Sonshine),0.3382991622574956,0.40273736037624924,,
Little Seeds Preschool (TSA - Ang Mo Kio),0.26514272017886753,0.3064021343498955,,
Little Seeds Preschool (TSA - Bukit Batok East),0.14370265151515152,0.10332251082251082,,
Little Seeds Preschool (TSA - Bukit Panjang),,0.48750000000000004,,
Little Seeds Preschool (TSA - Tampines),0.31079545454545454,0.6405000000000001,,
Little ShepherdsÃÂ Schoolhouse @ Church of the Holy Trinity,0.21749999999999997,-0.009075126262626264,-0.08987794612794613,
Little ShepherdsÃÂ Schoolhouse@Church of St Francis of Assisi-JW,0.43305180180180175,0.059517045454545475,,
Little Skool-House Ulu Pandan Community Club,0.625,0.625,,
Living Sanctuary Kindergarten,0.5,0.0,,
Luther Preschool,0.34233866442199773,-0.2674999999999999,,
M.Y World @ Buangkok Woods,0.6083333333333334,,,
M.Y World @ Canberra Eastlink,,-0.12550660546350198,,
M.Y World @ Marsiling Greenview,0.19848484848484846,,,
M.Y World @ Punggol Edge,0.5216666666666666,0.44416666666666665,,
M.Y World @ Sembawang Drive,0.545,0.35063492063492063,,
M.Y World @ Woodlands Glade,,-0.38999999999999996,,
MOE Kindergarten @ Oasis,0.07222222222222222,0.016666666666666666,-0.5,
MY World Preschool Ltd (Bidadari Alkaff Vista),,0.875,,
MY World Preschool Ltd (Bukit Batok West Plains 1),0.24,0.026714001486728756,,
MY World Preschool Ltd (Bukit Panjang),0.0,,,
MY World Preschool Ltd (Compassvale Ancilla),0.0,,0.0,0.0
MY World Preschool Ltd (Kang Ching),0.7,0.33999999999999997,,
MY World Preschool Ltd (Matilda Court),,-0.6999999999999998,,
MY World Preschool Ltd (McNair Towers),,-0.01272727272727274,,
MY World Preschool Ltd (Pasir Ris),,0.052455357142857144,,
MY World Preschool Ltd (Serangoon North),1.0,,,
MY World Preschool Ltd (Simei),0.1,0.3879999999999999,,
MY World Preschool Ltd (Tampines Changkat),0.43333333333333335,,,
MY World Preschool Ltd (Telok Blangah Rise),0.20476190476190473,0.9099999999999998,,
MY World Preschool Ltd (Tiong Bahru View),0.476,0.41916666666666674,,
MY World Preschool Ltd (Waterway Sundew),,-1.0,,
Macpherson Sheng Hong Childcare Centre,0.3736482812312852,0.4410568181818182,,
MapleBear Gracefields Pte Ltd (One Tree Hill),0.4870364583333333,0.4305555555555556,,
MapleBear Jurong,0.4528333333333333,0.5529999999999999,,
MapleBear Jurong East (ICON@IBP),0.26279306084475257,0.3220920138888889,,
MapleBear Jurong Lakeside,,0.29416666666666663,,
MapleBear Labrador,,0.028787878787878782,,
Marine Parade - Aspiration Child Care Centre,0.4347222222222222,,,
MindChamps Chinese PreSchool @ Cecil Street,0.2732142857142857,0.16824617346938772,,
MindChamps Chinese PreSchool @ Tampines Central,0.2526078842116404,0.21715662635034913,,
MindChamps Chinese PreSchool @ Thomson,0.46541096739960375,0.3384772655923048,,
MindChamps Global HQ,0.5741883116883116,0.6583333333333333,,-0.025
MindChamps Performing Arts PreSchool @ Changi Business Park,0.3070181684715353,0.3401038961038961,,
MindChamps Performing Arts PreSchool @ Marina Square,0.4437460256090064,0.48156889985014983,,
MindChamps Performing Arts PreSchool @ Upper Thomson Road,0.3695537146667903,0.31979256632964764,,
MindChamps PreSchool @ Adda Heights,0.30015625,0.0,,
MindChamps PreSchool @ Bedok,0.30476190476190484,0.38190476190476197,,
MindChamps PreSchool @ Bishan,0.3451097587633647,0.2809659481142427,,
MindChamps PreSchool @ Boon Keng,0.4886428968663137,0.48669938093876774,,
MindChamps PreSchool @ Buangkok (Serangoon North),0.41668589536466466,0.37670570614317744,,
MindChamps PreSchool @ Changi Airport Terminal 3,0.4238940532506709,0.23916337123084527,,
MindChamps PreSchool @ City Square Mall,0.2690959144088822,0.34897641853676337,,
MindChamps PreSchool @ East Coast,0.3383114871346998,0.2754770489038252,,0.0
MindChamps PreSchool @ Holland Village,0.4088767227499866,0.4637118846088753,,
MindChamps PreSchool @ JTC Summit,0.4050356603008271,0.26130635300372146,,
MindChamps PreSchool @ Junction 10,0.4814082060786001,0.48861605996230856,,
MindChamps PreSchool @ Jurong West,0.37624487463924966,0.3521604538027332,,
MindChamps PreSchool @ Nordcom II,0.33350240876022125,0.28335963470685693,,
MindChamps PreSchool @ One Raffles Place,0.46923455550859394,0.32666749916749915,,
MindChamps PreSchool @ Paragon,0.4472266726830691,0.3740479400656038,,
MindChamps PreSchool @ Pasir Ris,0.3474198011003895,0.34100308265523843,,
MindChamps PreSchool @ Punggol,0.35910348267029,0.2960889607892517,,
MindChamps PreSchool @ Raffles Town Club,0.41473923298923304,0.41088168634087,,
MindChamps PreSchool @ Sengkang,0.32629099388010707,0.4753332268592793,,
MindChamps PreSchool @ Serangoon,0.5762949535685989,0.5046319340850591,0.6950000000000001,0.625
MindChamps PreSchool @ Straits View,0.8000000000000002,,,
MindChamps PreSchool @ Tampines Point,0.47827582064707896,0.42147906213105074,,
MindChamps PreSchool @ Tanglin,0.17937908496732025,0.14608837853323148,,
MindChamps PreSchool @ Temasek Club,0.49336043609745706,0.4008625582923711,,
MindChamps PreSchool @ The Brooks II,0.4142903947800711,0.24747090017285858,,
MindChamps PreSchool @ Toa Payoh,0.44022531989555697,0.34592256786958087,,
MindChamps PreSchool @ West Coast Plaza,0.37007671179267165,0.41533146086717515,,
MindChamps PreSchool @ Woodlands,0.5155228808606944,0.5198681505979643,,
MindChamps PreSchool @ Yio Chu Kang,0.4266217532467533,0.23595129870129866,,
MindChamps PreSchool @ Yishun,0.5443885281385281,0.1704337121212121,,
MindChamps PreSchool @ Zhongshan Park,0.420534180862263,0.31763880847847414,,
MindChamps Reading & Writing Programme @ Westgate,0.2066666666666667,0.06666666666666668,,
MindChamps Reading @ Punggol Northshore,0.7864285714285714,0.4425,,
MindSpace @ Central Plaza (Tiong Bahru) | After School Student Care for P1-P5 | MindChamps Enrichment & PSLE for P1-P6,0.20245310245310244,0.28689393939393937,,
MindSpace @ Greenwich V (Sengkang) | After School Student Care for P1-P5 | MindChamps Enrichment & PSLE for P1-P6,0.63,0.4710416666666667,,
MindSpace @ Midview City (Bishan) | After School Student Care for P1-P5 | Powered By MindChamps,0.2435346177944862,0.3138023687735964,,
MindSpace @ Tai Seng (Grantral Mall) | After School Student Care for P1-P5 | MindChamps Enrichment for P1-P5,0.26994949494949494,0.3116634062832592,,
Mini World Child Care & Development Centre Pte Ltd,0.3333333333333333,0.05000000000000001,,
Modern Montessori Preschool Centre (368 Bukit Batok St 31),0.0,0.16531249999999997,,
Modern Montessori Preschool Centre (6 Bright Hill Dr),,0.049671957671957666,,
Mulberry Learning Centre @ Tanjong Pagar Pte Ltd,0.35115839788421194,0.24233858733858732,,
My First Skool (1 Bedok South Ave 1),,0.25,0.25,0.25
My First Skool (1 Engku Aman Turn),0.32954545454545453,0.32954545454545453,,
My First Skool (10 Jurong West),0.4533333333333333,0.0,,
My First Skool (106 Henderson Crescent),0.9099999999999999,0.9099999999999999,,
My First Skool (111 McNair Road),0.0,,0.0,
My First Skool (135 Simei St 1),0.5120370370370371,0.4195731578450093,,
My First Skool (140 Serangoon North Ave 2),,0.5,,
My First Skool (14A Toa Payoh Lor 7),0.15000000000000002,0.15000000000000002,,
My First Skool (18 Marine Terrace),,0.5256111111111111,,
My First Skool (18A Holland Dr),0.3777777777777777,0.18240740740740738,,
My First Skool (19 Jalan Sultan),0.46249999999999997,0.321981099257885,,
My First Skool (192 Toa Payoh Lor 4),0.3287690794194582,0.2876797755621285,,
My First Skool (197D Boon Lay Drive),0.3416666666666666,0.3416666666666666,,
My First Skool (2 Punggol Drive),0.3462291666666667,0.1333831593243358,,
My First Skool (2 Tanjong Pagar Plaza),0.44999999999999996,0.5593229166666667,,
My First Skool (203D Compassvale Road),-0.38277777777777766,-0.9099999999999998,0.14444444444444446,0.14444444444444446
My First Skool (208B Punggol Place),,0.0,0.0,
My First Skool (209A Punggol Place),,0.6,,
My First Skool (219 Toa Payoh Lor 8),0.5965277777777778,0.43496527777777777,,
My First Skool (229 Ang Mo Kio Ave 3),0.645,0.3625,,
My First Skool (235 Bukit Panjang Ring Road),,0.08611111111111115,,
My First Skool (245 Bishan St 22),0.21562500000000004,,,
My First Skool (248 Kim Keat Link),0.3125854903198653,0.300949931922472,,
My First Skool (260 Bukit Batok East Ave 4),0.28690531305114636,0.3004380296486391,,
My First Skool (264 Serangoon Central),0.2714285714285714,,,
My First Skool (267A Punggol Field),0.55,0.9,,
My First Skool (269 Compassvale Link),0.85,,,
My First Skool (291A Bukit Batok St 24),,0.296875,,
My First Skool (295A Compassvale Crescent),0.6999999999999998,0.2448804777094251,,
My First Skool (302B Anchorvale Link),0.2857142857142857,0.4,0.4,
My First Skool (303 Canberra Road),0.38333333333333336,0.6999999999999998,,
My First Skool (306 Serangoon Ave 2),,0.3499999999999999,,
My First Skool (306A Punggol Place),0.2428921568627451,0.2428921568627451,,
My First Skool (308C Anchorvale Rd),0.3875,-1.0,0.3875,0.3875
My First Skool (312C Sumang Link),0.1,0.45999999999999996,,
My First Skool (314A Anchorvale Link),0.35000000000000003,0.35000000000000003,,
My First Skool (322D Sumang Walk),,0.05833333333333333,,
My First Skool (333 Kang Ching Road),0.6999999999999998,0.6999999999999998,,
My First Skool (341 Tampines St 33),0.2,,0.2,
My First Skool (375 Clementi Ave 4),0.5460317460317461,0.3124078631941535,,
My First Skool (409 Jurong West St 42),0.444047619047619,0.444047619047619,,
My First Skool (419 Bedok North St 1),,0.0,,
My First Skool (423 Yishun Ave 11),0.20000000000000004,0.42500000000000004,0.42500000000000004,
My First Skool (428 Clementi Ave 3),0.3494442738633915,0.29653831304685196,,
My First Skool (443A Fajar Road),,-0.029017857142857147,,
My First Skool (459 Jurong West St 41),0.44393809523809524,0.4397938762626263,,
My First Skool (487 Pasir Ris Dr 4),,0.0,,
My First Skool (487C Tampines St 45),0.7,0.7,,
My First Skool (503 Bedok North St 3),0.39705555555555555,0.39995659722222227,,
My First Skool (505 Yung An Rd),0.015625,,0.015625,0.015625
My First Skool (51 Fernvale Link),0.2603874269005848,0.28226436462182125,,
My First Skool (51 Havelock Rd),,0.6,,
My First Skool (518 Jurong West St 52),0.25625,0.21666666666666667,,
My First Skool (524C Pasir Ris St 51),0.07285714285714286,,0.07285714285714286,0.07285714285714286
My First Skool (528 Hougang Ave 6),0.825,0.25,0.3,0.3
My First Skool (54 Chin Swee Road),0.3020015306122449,0.38441574049210325,,
My First Skool (571 Ang Mo Kio Ave 3),,-0.09027777777777775,,
My First Skool (6 Segar Road),0.46571355998602093,0.3634066623555017,,
My First Skool (612 Yishun St 61),,0.23825,,
My First Skool (63 Telok Blangah Heights),0.4503063157081014,-0.13227644751082251,,
My First Skool (637 Pasir Ris Dr 1),0.5410461760461761,0.4675324675324675,,
My First Skool (654 Senja Road),0.28978174603174606,0.33251397151303164,,
My First Skool (656C Jurong West St 61),0.30885293222402593,0.2883671926698621,,
My First Skool (66 Kallang Bahru Road),0.5087962962962963,0.45569444444444446,,
My First Skool (677 Hougang Ave 8),0.4217687074829932,,,
My First Skool (684A Choa Chu Kang Crescent),,0.33888888888888885,,
My First Skool (742 Woodlands Circle),0.25,-0.13125000000000003,,
My First Skool (82 Strathmore Ave),,0.6499999999999999,,
My First Skool (848 Woodlands St 82),,0.9099999999999998,,
My First Skool (997 Buangkok Crescent),,0.2794642857142857,,
My First Skool (Guillemard Crescent),,-1.0,,
My First Skool at Blk 101 Rivervale Walk,0.6,0.6,,
My First Skool at Blk 113 Alkaff Crescent,,0.875,,
My First Skool at Blk 153 Rivervale Crescent,0.3299100872672301,0.24489377546708374,,
My First Skool at Blk 161 Jalan Teck Whye (New Centre Opening Soon),,0.042777777777777776,,
My First Skool at Blk 164 Rivervale Crescent,0.6272727272727272,0.2333333333333333,0.06818181818181818,
My First Skool at Blk 236 Toa Payoh,,0.49999999999999994,,
My First Skool at Blk 490D Choa Chu Kang (New Centre Opening Soon),0.05000000000000001,,,
My First Skool at Blk 671A Jurong West St 65,,0.125,,
My First Skool at Blk 85 Whampoa Drive,0.21286666666666668,0.2840077904551589,,
My Kiddie Klubhouse Pte Ltd,0.20806712962962962,0.3122960069444444,,
My Learning Haven (Suntec),0.34643786167536167,0.24408841280551807,,
My Little Kingdom @ West Coast,0.2810983926794382,0.2899518690883307,,
New Life Childcare @ Junction 10,0.19707792207792205,0.19707792207792205,,
Newton Kindergarten,0.31179545454545454,0.162890625,,
Nobleland Arts N Learning Place @ Clementi Pte Ltd,,0.25,,
Nobleland Arts N Learning Place @ Waterway Pte Ltd,0.26121896485867074,0.4239725378787879,,
NurtureStars Pte Ltd (SAFRA Jurong),0.2777777777777778,-0.27180555555555547,,
NurtureStars Pte Ltd (SAFRA Mount Faber),,0.6,,
NurtureStars Pte Ltd (SAFRA Tampines),,-0.20416666666666658,,
NurtureStars Pte Ltd (SAFRA Yishun Country Club),0.8132142857142857,0.46114285714285713,,
Nurtured Nest,0.41437133708892726,0.3147916666666667,,
Odyssey The Global Preschool - Dempsey,0.5714250000000001,0.27718750000000003,,
Odyssey The Global Preschool Pte Ltd (Fourth Ave),0.41590335495757447,0.3942309523809524,,
Odyssey The Global Preschool Pte Ltd (Lloyd Road),0.6845833333333333,0.3052295918367347,,
Odyssey The Global Preschool Pte Ltd (Loyang Besar),0.39983024733390926,0.23028164464438974,,
Odyssey The Global Preschool Pte Ltd (Wilkinson),0.5469677297406056,0.46506069468191313,,
PAP Community Foundation - Mountbatten 51,0.85,,,
PAP Community Foundation - Nee Soon Central 367,,1.0,,
PAP Community Foundation - Woodlands 2,0.6999999999999998,,,
PAP Community Foundation Pasir Ris East,,0.0,0.0,0.0
PCF Hampton Pre-School,,0.0,0.0,
PCF Hong Kah North Blk 315,0.7,0.7,,
PCF Marsiling Block 302,-0.15,0.36,,
PCF Punggol Central Blk 292B,,-0.08888888888888889,,
PCF Sparkletots @ Bishan East-Sin Ming Blk 409,0.3163636363636364,0.26606060606060605,0.3666666666666667,
PCF Sparkletots @ Cheng San-Seletar Blk 502,0.7,0.7,,
PCF Sparkletots @ Cheng San-Seletar Blk 533,,0.4083333333333334,,
PCF Sparkletots @ Chua Chu Kang Blk 3,,0.0,,
PCF Sparkletots @ Hong Kah North Blk 338,,0.20000000000000004,,
PCF Sparkletots @ Hong Kah North Blk 446,,-0.17499999999999996,,
PCF Sparkletots @ Hong Kah North Blk 447,0.43586647727272726,0.6,,
PCF Sparkletots @ Jalan Kayu Blk 999,0.875,0.875,,
PCF Sparkletots @ Kolam Ayer Blk 26B,,0.44250000000000006,,
PCF Sparkletots @ Nee Soon Link Blk 408,0.6199999999999999,0.6,,
PCF Sparkletots @ Sembawang Central Blk 503C,,0.04967532467532467,,
PCF Sparkletots @ Yio Chu Kang Blk 644,,0.16333333333333333,,
PCF Sparkletots @ Zhenghua Blk 550B,,0.2,0.2,
PCF Sparkletots Funhouse,1.0,1.0,,
PCF Sparkletots Preschool @ Admiralty Blk 581 (DS),0.22624999999999998,,,
PCF Sparkletots Preschool @ Admiralty Blk 585 (CC),0.875,0.35,,
PCF Sparkletots Preschool @ Admiralty Blk 687B (DS),,0.3934606481481482,,
PCF Sparkletots Preschool @ Ang Mo Kio-Hougang Blk 452 (DS),0.1575,,,
PCF Sparkletots Preschool @ Ayer Rajah-Gek Poh Blk 275A (CC),1.0,1.0,,
PCF Sparkletots Preschool @ Ayer Rajah-Gek Poh Blk 276D (KN),0.75,,,
PCF Sparkletots Preschool @ Bedok Reservoir-Punggol Blk 414 (DS),0.15,,,
PCF Sparkletots Preschool @ Bedok Reservoir-Punggol Blk 508 (CC),-0.015625,0.5,,
PCF Sparkletots Preschool @ Bishan East-Sin Ming Blk 181 (CC),0.25,,0.25,0.25
PCF Sparkletots Preschool @ Bishan East-Sin Ming Blk 197 (KN),0.734375,0.4131392045454545,,
PCF Sparkletots Preschool @ Boon Lay Blk 207 (DS),,0.0,,
PCF Sparkletots Preschool @ Boon Lay Blk 262 (KN),0.19062500000000002,0.3125,,
PCF Sparkletots Preschool @ Boon Lay Blk 627 (CC),0.6,0.6,,
PCF Sparkletots Preschool @ Braddell Heights Blk 335 (CC),,0.0,,
PCF Sparkletots Preschool @ Bukit Batok Blk 148 (KN),,0.39166666666666666,,
PCF Sparkletots Preschool @ Bukit Batok East Blk 241 (KN),0.0,0.0,0.0,
PCF Sparkletots Preschool @ Bukit Batok East Blk 285C (KN),,0.44999999999999996,,
PCF Sparkletots Preschool @ Bukit Gombak Blk 395A (CC),,0.3333333333333333,,
PCF Sparkletots Preschool @ Bukit Gombak Blk 535 (DS),,0.28571428571428575,,
PCF Sparkletots Preschool @ Bukit Panjang Blk 111 (EY),,0.6,,
PCF Sparkletots Preschool @ Bukit Timah Blk 12 (CC),-0.075,,-0.075,-0.075
PCF Sparkletots Preschool @ Bukit Timah Blk 312B (DS),0.0,,,
PCF Sparkletots Preschool @ Buona Vista Blk 54 (DS),0.31666666666666665,0.31666666666666665,,
PCF Sparkletots Preschool @ Cashew Blk 183 (CC),,0.46875,0.46875,
PCF Sparkletots Preschool @ Changi-Simei Blk 119 (KN),0.13232142857142856,0.38619047619047614,0.1,
PCF Sparkletots Preschool @ Changi-Simei Blk 131 (KN),,0.13636363636363635,,
PCF Sparkletots Preschool @ Chong Pang Blk 122 (KN),,0.7799999999999999,,
PCF Sparkletots Preschool @ Clementi Blk 330 (DS),0.7,0.2125,,
PCF Sparkletots Preschool @ Eunos Blk 122 (CC),0.52,,,
PCF Sparkletots Preschool @ Eunos Blk 620 (CC),0.47083333333333327,0.3,,
PCF Sparkletots Preschool @ Fengshan Blk 115 (CC),0.0,0.08,,
PCF Sparkletots Preschool @ Fengshan Blk 126 (DS),0.3428571428571428,,,
PCF Sparkletots Preschool @ Fernvale Blk 436D (EY),0.0,0.6,,
PCF Sparkletots Preschool @ Fernvale Blk 443 (EY),0.48750000000000004,0.48750000000000004,,
PCF Sparkletots Preschool @ Fernvale Blk 469B (EY),,0.4666666666666666,,
PCF Sparkletots Preschool @ Geylang Serai Blk 412 (CC),0.8,0.8,,
PCF Sparkletots Preschool @ Hougang Blk 328 (DS),0.7,0.73,,
PCF Sparkletots Preschool @ Jalan Kayu Blk 970 (DS),0.6999999999999998,,,
PCF Sparkletots Preschool @ Jalan Kayu Blk 987C (DS),0.15567340067340066,0.13037668350168352,,
PCF Sparkletots Preschool @ Jurong Central Blk 308 (CC),0.4155519480519481,,,
PCF Sparkletots Preschool @ Jurong Central Blk 403 (CC),0.1986111111111111,,,0.1986111111111111
PCF Sparkletots Preschool @ Jurong Spring Blk 553 (CC),0.09999999999999998,-0.2453571428571428,0.09999999999999998,
PCF Sparkletots Preschool @ Kaki Bukit Blk 525 (CC),0.3674675324675324,0.3674675324675324,,
PCF Sparkletots Preschool @ Kebun Baru Blk 109 (CC),0.2,0.33749999999999997,,
PCF Sparkletots Preschool @ Kebun Baru Blk 260B (CC),0.10000000000000002,,,
PCF Sparkletots Preschool @ Kembangan-Chai Chee Blk 32 (CC),,0.16787367724867724,-0.07433862433862432,-0.07433862433862432
PCF Sparkletots Preschool @ Limbang Blk 786 (EY),,0.6,,
PCF Sparkletots Preschool @ Moulmein-Cairnhill Blk 50 (CC),0.3413194444444444,0.4111111111111111,,
PCF Sparkletots Preschool @ Nee Soon Link Blk 461 (EY),0.4884722222222222,0.3846180555555555,,
PCF Sparkletots Preschool @ Nee Soon South Blk 879 (EY),0.5,-0.3499999999999999,,
PCF Sparkletots Preschool @ Pasir Ris West Blk 650 (EY),,-0.07352525252525256,,
PCF Sparkletots Preschool @ Pasir Ris West Blk 738 (EY),,0.04999999999999999,,
PCF Sparkletots Preschool @ Paya Lebar Blk 23 (KN),0.25637891520244466,0.29949579831932777,,
PCF Sparkletots Preschool @ Pioneer Blk 661B (CC),0.7,0.7,,
PCF Sparkletots Preschool @ Potong Pasir Blk 14 (KN),1.0,0.32708333333333334,,
PCF Sparkletots Preschool @ Punggol Coast Blk 303A (DS),0.3,,,
PCF Sparkletots Preschool @ Punggol Shore Blk 105D (KN),0.38749999999999996,0.7,0.6,0.6
PCF Sparkletots Preschool @ Punggol Shore Blk 174D (KN),0.4343939393939394,,,
PCF Sparkletots Preschool @ Punggol Shore Blk 622C (CC),0.36499999999999994,0.05000000000000001,0.0,
PCF Sparkletots Preschool @ Punggol West Blk 222 (CC),,0.0,,
PCF Sparkletots Preschool @ Punggol West Blk 271A (KN),,-0.03879166666666667,,-0.2575
PCF Sparkletots Preschool @ Punggol West Blk 308B (DS),,0.4000000000000001,,
PCF Sparkletots Preschool @ Queenstown Blk 145 (CC),,0.3902272727272728,,
PCF Sparkletots Preschool @ Queenstown Blk 3 (KN),0.0,1.0,,
PCF Sparkletots Preschool @ Radin Mas Blk 18 (DS),,0.0,,
PCF Sparkletots Preschool @ Radin Mas Blk 70A (KN),0.8,0.8,,
PCF Sparkletots Preschool @ Sembawang Central Blk 504A (CC),,0.0,,
PCF Sparkletots Preschool @ Sembawang West Blk 780D (CC),,-0.23888888888888885,,
PCF Sparkletots Preschool @ Sembawang West Blk 789 (KN),0.5,,0.5,
PCF Sparkletots Preschool @ Sengkang Central Blk 208 (CC),0.0,0.27714285714285714,,
PCF Sparkletots Preschool @ Sengkang Central Blk 270 (CC),0.265,0.5055753968253969,,
PCF Sparkletots Preschool @ Sengkang East Blk 103 (EY),0.6319047619047619,,,
PCF Sparkletots Preschool @ Sengkang East Blk 143 (KN),,0.29483333333333334,-0.1127777777777778,0.06166666666666667
PCF Sparkletots Preschool @ Sengkang East Blk 194 (CC),0.8,0.8,,
PCF Sparkletots Preschool @ Sengkang North Blk 206A (EY),0.45625000000000004,0.31697089947089946,0.0,
PCF Sparkletots Preschool @ Sengkang North Blk 290A (CC),0.47611607142857143,,,
PCF Sparkletots Preschool @ Serangoon Blk 226 (KN),0.07699999999999999,0.048124999999999994,,
PCF Sparkletots Preschool @ Siglap Blk 172 (CC),0.2,0.2,,
PCF Sparkletots Preschool @ Taman Jurong Blk 352 (DS),0.5883333333333334,,,
PCF Sparkletots Preschool @ Tampines Central Blk 725 (DS),,0.20000000000000004,,
PCF Sparkletots Preschool @ Tampines Changkat Blk 112 (CC),0.8,0.8,,
PCF Sparkletots Preschool @ Tampines North Blk 492 (CC),,0.2810064935064935,,
PCF Sparkletots Preschool @ Tampines West Blk 140 (DS),0.0,0.016666666666666663,0.0,
PCF Sparkletots Preschool @ Teck Ghee Blk 415 (CC),,0.058597883597883614,,
PCF Sparkletots Preschool @ Telok Blangah Blk 44 (CC),0.25285714285714284,-0.192,,
PCF Sparkletots Preschool @ Telok Blangah Blk 78A (DS),,0.6999999999999998,,
PCF Sparkletots Preschool @ Toa Payoh Central Blk 157 (KN),0.445374149659864,0.3547222222222222,,
PCF Sparkletots Preschool @ Ulu Pandan Blk 15 (CC),,0.36708333333333326,,
PCF Sparkletots Preschool @ Woodgrove Blk 334 (CC),0.9099999999999998,,,
PCF Sparkletots Preschool @ Woodgrove Blk 364 (KN),0.4361858974358974,0.11447435897435898,,
PCF Sparkletots Preschool @ Woodgrove Blk 501 (KN),0.0,0.0,,
PCF Sparkletots Preschool @ Woodgrove Blk 571B (CC),,0.20000000000000004,,
PCF Sparkletots Preschool @ Woodgrove Blk 894D (CC),0.6000000000000001,,,
PCF Sparkletots Preschool @ Woodlands Blk 677 (CC),,0.0,,
PCF Sparkletots Preschool @ Woodlands Blk 801 (CC),0.0,0.6,0.6,
PCF Sparkletots Preschool @ Woodlands Blk 875 (KN),,-0.2,-0.2,
PCF Sparkletots Preschool @ Yew Tee Blk 682 (KN),0.10525,,,
PCF Sparkletots Preschool @ Yew Tee Blk 690D (KN),,0.0,,
PCF Sparkletots Preschool @ Yio Chu Kang Blk 644 (EY),,-0.9099999999999998,,
PCF Sparkletots Preschool @ Zhenghua Blk 455A (KN),0.10000000000000002,0.32187499999999997,,
PCF Whampoa Education Centre,0.0,0.36562500000000003,,0.0
PCF Woodlands Blk 894D,0.6000000000000001,,,
PCS Grow & Glow @ Holland Village Childcare Centre,0.65,,,
PPS Ghim Moh,0.7,0.32999999999999996,,
PPS Yishun,0.5117857142857143,0.399375,,
Paya Lebar Methodist Church Covenant Kindergarten,0.29,0.6,,
Picket Fence @ Tampines Pte Ltd,0.3793650793650794,-0.18132823773448772,,
PlayFACTO School @ Aljunied,0.34830732651187196,0.10870370370370369,,
Posso Preschool @ Jurong East,0.3175866449371884,0.35714285714285715,,
Posso Preschool @ Tampines Point Pte Ltd,0.3715151515151515,0.26333333333333336,,
Posso Preschool @ West Coast Rise Pte Ltd,,0.24,,
Pre-School By-The-Park (Dunearn) Pte Ltd,0.23749999999999996,0.30213541666666666,,
Preschool By-The-Park (Evans),0.3641746794871795,0.13097069597069597,,
Pro-Teach BASC (Toa Payoh Branch),0.15,0.19285714285714284,,
Pro-Teach Education Group Pte Ltd - Yuhua Branch,0.0,0.0,,
Pro-Teach Student Care(Tampines),0.18125,0.37910052910052916,,
Pu Ti Child Care Centre,0.4460816326530613,0.6376142857142857,,
Raffles Kidz @ Ang Mo Kio Ã¢ÂÂ Best Childcare Centre and Preschool (along Yio Chu Kang Rd),0.4014272267654621,0.25349616366512145,,
Raffles Kidz @ Bukit Panjang Ã¢ÂÂ Best Childcare Centre And Preschool,0.4005675008821905,0.3390732536157598,,
Raffles Kidz @ Punggol Ã¢ÂÂ Best Childcare Centre and Preschool,0.3868005993248925,0.3116319401707121,,
Raffles Kidz @ Yio Chu Kang,0.3638753504717005,0.3296807491591305,,
Raffles Kidz @ Yishun Ã¢ÂÂ Best Childcare Centre and Preschool,0.14277777777777775,0.20309090909090913,,
Raffles Montessori (Aljunied) Preschool,0.36415484726626035,-0.02271825396825391,,
Rain Tree Montessori Schoolhouse @ Bedok,0.43402833491103954,0.28402757559900416,,
Rainbow Cove @ Alexandra,0.2201022050865801,0.2899096630068533,,
Ramakrishna Mission Sarada Kindergarten,0.41862244897959183,0.4195238095238096,,0.19285714285714287
Riverlife Kindergarten,0.37117552693880534,0.3150372333544682,,
Rosyth Child Care Centre,0.45311709124209126,0.5364901733367643,,
SDM Childcare Centre Pte Ltd (Choa Chu Kang),0.4666666666666667,0.12604166666666666,,
SDM Ichiban (Yunnan) Childcare Centre,1.0,0.40111111111111103,,
SDM-Moriah Preschool (Greenwich) Pte Ltd,,0.24538496071829408,,
SGM Murni,-0.0875,,-0.0875,
Safari House Preschool Bt Batok,0.037500000000000006,-0.048594614834570185,,
Safari House Preschool Lakeside,,0.2833333333333333,,
Safari House Preschool Thomson,,-0.7375,-0.7375,
Safari House Preschool Woodlands,0.15333333333333335,,,
Schoolhouse By The Bay Pte Ltd,0.11666666666666668,,,
Sengkang Methodist Preschool,0.45409350198412696,0.0,0.0,0.0
Seventh-day Adventist Conference (Singapore) - Adventist Schoolhouse,0.5200796578068824,0.32089159378633064,,
Shalom Kindergarten,0.6499999999999999,0.011904761904761902,,
Shaws CDLC @ Braddell Heights Pte Ltd,0.4172363226495504,0.2762157287157287,,
Shaws CDLC @ Mountbatten Pte Ltd (Mountbatten Road),0.485698051948052,0.6601190476190476,,
Shaws Preschool @ Katong Post,0.41875,,,
Sheffield Kidsworld (St Anne) Pte Ltd,0.4083333333333333,-0.05791666666666666,,
Singapore Hokkien Huay Kuan Pre-School,0.29454545454545455,,,
Skool4Kidz Campus @ Fernvale,0.11834893048128342,0.14442053317053316,-0.09327094474153297,
Skool4Kidz Campus @ One Punggol,0.31065062388591796,0.31065062388591796,,
Skool4Kidz Campus @ Sengkang Riverside Park,0.2082063492063492,-0.11346560846560844,0.14375000000000002,
Skool4Kidz Campus @ Yishun,0.4050303030303031,0.44772727272727275,,
Skool4Kidz Centre (Marsiling Drive),,-0.15000000000000002,,
Skool4Kidz Centre (Sembawang Canberra East Crown),,-1.0,,
Skool4Kidz Centre (Sembawang Sunbreeze),0.0,-0.32924999999999993,,
Skool4Kidz Centre (Yishun Oleander Breeze),0.6166666666666667,,,
Skool4Kidz Centre (Yishun Orchid Spring),0.6999999999999998,,,
Skool4Kidz Preschool @ Punggol Waterway Banks,,0.3775085034013606,,
Skool4Kidz Preschool @ Sembawang Canberra East Creek,-0.14166666666666666,,,
Skool4Kidz Preschool @ Tampines GreenRidges,-0.06638888888888889,0.08026785714285713,,
Small Wonder @ Choa Chu Kang,,0.0,,
Small Wonder @ Jurong East,0.34199999999999997,0.1690422077922078,0.0,
Small Wonder @ Jurong West,,0.09227272727272727,,
Small Wonder @ Nee Soon,0.35109617794486214,0.10667559523809525,,
Small Wonder Preschool (Nordcom II),0.3149470899470899,0.23166429924242424,,
Small Wonder Preschool (Punggol),0.07500000000000001,0.09015557359307358,,
Small Wonder Preschool (Serangoon),0.328135259549194,0.2717398374216127,,
Small Wonder Preschool Taman Jurong,0.12222222222222223,,0.12222222222222223,
Small Wonder Tampines,0.417,0.417,,
Small Wonder Yishun Central (formerly Eager Beaver Preschool),0.2875,0.04208754208754208,,
Small Wonder Zoophonics Nordcom I,,0.3694638694638695,,
Smiling Star Student Care Centre @ Choa Chu Kang,,0.4825,,
Sparkle Care @ Eunos,0.4,0.4,,
Spring Brainy Kidz (Bukit Batok) Pte Ltd,0.35,0.22249999999999998,,
Spring Brainy Kidz (Potong Pasir) Pte Ltd,0.31166666666666665,0.09090367965367965,,
Spring Brainy Kidz (SIMS),0.325,,,
Spring Brainy Kidz (Ubi) Pte Ltd,0.28,0.45208333333333334,,
Spring Brainy Kidz (Yishun 716),0.35,,0.35,
St. JamesÃÂ Church Kindergarten (Leedon),0.6780357142857143,0.6780357142857143,,
Star Learners @ Bedok Pte Ltd,0.525524926686217,0.45730744949494945,,
Star Learners @ Boon Keng Pte Ltd,,0.3,,
Star Learners @ Bukit Batok Pte Ltd,0.2905024509803922,0.3772077922077922,,
Star Learners @ Bukit Panjang Pte Ltd,0.4992592592592593,0.4441495417611489,,
Star Learners @ CCK Sports Centre Pte Ltd,0.24007936507936506,0.6833420634920635,,
Star Learners @ Elias Pte Ltd,,0.36388888888888893,,
Star Learners @ Gambas Pte Ltd,0.3538787878787879,0.6416666666666667,,
Star Learners @ Jurong East Pte Ltd,0.30584635416666667,0.2904107915193416,,
Star Learners @ Jurong West Pte Ltd,,0.6,,
Star Learners @ One-North Pte Ltd,0.3585080114690504,0.4701298701298701,,
Star Learners @ Pasir Ris Pte Ltd,0.6316666666666666,0.7952380952380952,,
Star Learners @ Sengkang Sports Centre | Preschool & Childcare,0.09007293431206476,0.2579477610019718,,
Star Learners @ Siglap Pte Ltd,0.5666666666666667,,,
Star Learners @ Tampines East Pte Ltd,0.3919026472431078,0.2859823442534909,,
Star Learners @ Tampines West | Preschool & Childcare,,0.3583333333333334,,
Star Learners @ Tanjong Pagar Pte Ltd,,0.14166666666666666,,
Star Learners @ Telok Kurau | Preschool & Childcare,0.2648184769775679,0.10276574522656026,,
Star Learners @ Ubi | Preschool & Childcare,0.10574404761904761,0.16919047619047617,,
Star Learners @ Upper Bukit Timah | Preschool & Childcare,0.396671981292517,0.3490363244404666,,
Star Learners @ Yio Chu Kang Pte Ltd,0.13999999999999999,0.21703181433950663,,
Sunflower Baby House & Preschool,0.46875,0.32521962689987177,,
Sunflower Childcare & Development Centre Pte Ltd,-0.03333333333333335,-0.03333333333333335,,
Sunflower Kiddy Star Preschool Pte Ltd,0.3,0.3,,
Sunflower Kinderhub @ AMK Pte Ltd,,0.17499999999999996,,
Sunflower Preschool @ Bedok Reservoir,,0.10035812672176309,,
Sunflower Preschool @ Clementi,,-0.051374999999999976,,
Sunflower Preschool @ Frankel Pte Ltd,0.578125,0.35,,
Sunflower Preschool @ Kallang (Happy Town),,0.0,0.0,
Sunflower Preschool @ Mindef Pte Ltd (Chevrons),,0.2875,,
Sunflower Preschool @ NSE,0.5666666666666667,0.36166666666666664,,
Sunflower Preschool @ PR Town Park Pte Ltd,,0.48333333333333334,,
Sunflower Preschool @ Sembawang Pte Ltd,0.4416666666666667,0.23636363636363636,,
Sunflower Preschool @ Siglap Pte Ltd,0.3941540404040404,0.4525568181818182,,
Sunflower Preschool @ Teck Ghee Pte Ltd,,0.08142291955491009,,
Sunflower Preschool @ Tenaga,,0.65,,
Sunflower Preschool @ West Terra Pte Ltd,,-0.09999999999999992,,
Sunflower Preschool at Rivervale,0.05000000000000002,0.05000000000000002,,
Sunshine Kids Care Centre @ Punggol Pte Ltd,0.2091986531986532,0.22224332012656056,,
Super Talent Childcare Ltd (Membina),0.22599999999999998,0.22599999999999998,,
"SuperGenius Preschool @ Bedok, Heartbeat@Bedok",0.39004715991405575,0.3262538169061199,,
Superland Pre-School (100 AM) Pte Ltd,0.32140619882212146,0.26730401234567897,,
Superland Pre-School (Ganges),0.65,0.14194444444444446,,
Superland Pre-School (Outram),0.588873001998002,0.2198322285810876,,
Superland Pre-School (UE Square) Pte Ltd,0.5157782186948854,0.37409611992945324,,
Superland Pre-school (Bukit Timah),0.4427912317892596,0.3497520293345323,,
Superland Pre-school (River valley),,0.1628990800865801,,
Swallows and Amazons Kindergarten,0.4092090909090909,0.21406843156843156,,
Sweetlands Childcare JE 316 Pte. Ltd.,0.36000000000000004,0.39375000000000004,,
TOUCH Child Care (Hougang),0.3117738095238095,0.23702262888626524,,
The Little House (Montessori),0.2782243516589075,0.26909422479442524,,
The Little Skool-House International Pte Ltd (At-Delta-House),0.48267045454545454,0.1311868686868687,0.2,
The Little Skool-House International Pte Ltd (At-Devan-Nair-Institute),0.41499999999999987,,,
The Little Skool-House International Pte Ltd (At-Ministry-of-Education),0.3180465367965368,-0.02949179292929292,,
The Little Skool-House International Pte Ltd (At-Mountbatten-Square),0.0,0.1563092320261438,0.0,0.0
The Little Skool-House International Pte Ltd (At-Outram),,0.3285714285714287,,
The Little Skool-House International Pte Ltd (At-Tampines-Junction),,0.5161111111111111,,
The Little Skool-House International Pte Ltd (At-Temasek-Polytechnic),0.6499999999999999,0.2336220871327254,,
The Moral Childcare Centre (407 Serangoon Ave 1),0.0,0.19866456775547683,,
The Orange Academy (Tampines) Pte Ltd,0.5108333333333334,0.3121794871794872,,
The Orange Academy (Tiong Bahru),0.9533333333333333,0.9533333333333333,,
The Orange Tree Preschool (Choa Chu Kang),0.3230354404295253,0.2292430147749001,,
The Schoolhouse by Busy Bees (Alexandra),0.2562099358974359,0.11666666666666667,,
The Schoolhouse by Busy Bees (Aroozoo),0.477375,0.8699999999999999,,
The Schoolhouse by Busy Bees (Buckley),0.43036292082573074,0.48500000000000004,,
The Schoolhouse by Busy Bees (Dover),,0.0,,
The Schoolhouse by Busy Bees (Gentle Road),0.3104993386243386,0.29339155754528423,,
The Schoolhouse by Busy Bees (Katong),0.23994302721088434,0.10326074152604765,,
The Schoolhouse by Busy Bees (Lakeside),0.43856577380952383,0.2566666666666667,,
The Schoolhouse by Busy Bees (Mt Emily),0.4121401515151515,,,
The Schoolhouse by Busy Bees (Prinsep),,0.2137857142857143,,
The Schoolhouse by Busy Bees (Ridgewood),0.2989583333333333,,,
The Schoolhouse by Busy Bees (River Valley),0.5428163572511457,0.4176530612244898,,
The Schoolhouse by Busy Bees (Sembawang Country Club),0.40390628815628815,0.37599435917617735,,
The Schoolhouse by Busy Bees (West Coast),0.3898685119799696,0.41722245614035086,,
The Sunbird Child Development Centre Pte Ltd,0.3085904431216931,0.2838726150392817,,
The Word Learning Centre,0.3980566813666303,0.3368359763496042,,
Tinkerland Childcare Centre,0.375,0.27402777777777776,,
Twinklekidz Academy Pte Ltd,0.38820331652996126,0.2643067829606291,,
Twinklekidz International Schoolhouse Pte Ltd,0.3595982142857143,0.26239569805194807,,
Tzu Chi Great Love Preschool (Yishun),0.31589285714285714,0.5,,
Wat Patthar Educare Centre,,0.4679166666666667,,
Wharton Preschool @ Serangoon North,0.3499999999999999,,,
YWCA Bedok South Child Development Centre,0.3961458230847435,0.27090953599070483,,
YWCA Bishan Child Development Centre,0.3731743421052631,0.3727494975262832,,
YWCA Marine Drive Child Development Centre,0.5170106456043956,0.2857142857142857,,
YWCA McNair Road Child Development Centre,0.4188226877289377,0.4132440476190476,,
YWCA Outram Child Development Centre,0.3113194763475376,0.26352808162406377,,
YWCA Pasir Ris Child Development Centre,0.45405416951469585,0.35056818181818183,,
YWCA Preschool @ Ang Mo Kio,0.3168656565656566,0.570125,,
YWCA Preschool @ Bukit Gombak,0.4035918436480283,0.4075625763125763,,
YWCA West Coast Child Development Centre,0.29320754925346765,0.38039141414141414,,
Zee Juniors,0.26982142857142855,0.26982142857142855,,
Zee Learning Cove (West Coast),0.508,0.29874999999999996,,
Zee Playhouse,0.3900666486291487,0.25516662157287157,,
