Word,Frequency,Category
teacher,8192,Staff_and_Management_Factors
school,7315,Facility_Factors
child,5692,Communication_Factors
kid,3103,Communication_Factors
parent,1875,Staff_and_Management_Factors
son,1736,Staff_and_Management_Factors
daughter,1581,Staff_and_Management_Factors
year,1547,Communication_Factors
staff,1486,Staff_and_Management_Factors
care,1423,Communication_Factors
environment,1392,Facility_Factors
time,1294,Communication_Factors
day,1128,Communication_Factors
activity,906,Educational_Factors
class,891,Educational_Factors
principal,888,Facility_Factors
experience,855,Educational_Factors
curriculum,782,Educational_Factors
centre,765,Facility_Factors
month,729,Communication_Factors
thank,719,Communication_Factors
team,714,Facility_Factors
lot,698,Communication_Factors
learning,685,Educational_Factors
preschool,632,Facility_Factors
girl,593,Staff_and_Management_Factors
boy,580,Staff_and_Management_Factors
effort,572,Educational_Factors
place,551,Facility_Factors
fun,541,Communication_Factors
development,539,Educational_Factors
love,520,Communication_Factors
work,519,Educational_Factors
student,503,Staff_and_Management_Factors
update,484,Communication_Factors
friend,470,Staff_and_Management_Factors
education,433,Educational_Factors
skill,426,Educational_Factors
way,391,Educational_Factors
journey,384,Educational_Factors
progress,380,Educational_Factors
teaching,380,Educational_Factors
communication,378,Communication_Factors
hand,366,Educational_Factors
home,359,Facility_Factors
thing,357,Communication_Factors
patience,347,Communication_Factors
family,341,Facility_Factors
childcare,334,Facility_Factors
infant,319,Communication_Factors
play,314,Educational_Factors
dedication,308,Staff_and_Management_Factors
lesson,307,Educational_Factors
area,288,Safety_and_Health_Factors
growth,273,Educational_Factors
life,266,Safety_and_Health_Factors
center,257,Facility_Factors
facility,256,Facility_Factors
management,256,Educational_Factors
event,253,Facility_Factors
baby,252,Communication_Factors
improvement,251,Educational_Factors
job,242,Communication_Factors
support,242,Staff_and_Management_Factors
guidance,235,Educational_Factors
week,235,Communication_Factors
champ,233,Communication_Factors
feedback,230,Communication_Factors
concern,226,Safety_and_Health_Factors
confidence,223,Communication_Factors
decision,223,Facility_Factors
mind,215,Staff_and_Management_Factors
heart,212,Staff_and_Management_Factors
language,208,Educational_Factors
classroom,207,Facility_Factors
choice,207,Educational_Factors
need,203,Educational_Factors
app,203,Communication_Factors
playground,203,Facility_Factors
morning,195,Communication_Factors
quality,194,Staff_and_Management_Factors
food,193,Communication_Factors
music,193,Educational_Factors
level,192,Safety_and_Health_Factors
attention,187,Staff_and_Management_Factors
kindergarten,179,Facility_Factors
one,177,Communication_Factors
program,175,Educational_Factors
age,174,Facility_Factors
mindchamp,171,Facility_Factors
knowledge,171,Staff_and_Management_Factors
kudo,169,Communication_Factors
space,163,Facility_Factors
word,162,Communication_Factors
passion,159,Staff_and_Management_Factors
issue,155,Staff_and_Management_Factors
pre,155,Educational_Factors
value,155,Facility_Factors
enrichment,151,Educational_Factors
art,147,Educational_Factors
term,146,Educational_Factors
educator,146,Staff_and_Management_Factors
branch,143,Facility_Factors
photo,139,Educational_Factors
interest,135,Staff_and_Management_Factors
performance,134,Educational_Factors
classmate,131,Educational_Factors
opportunity,129,Staff_and_Management_Factors
programme,128,Educational_Factors
toddler,124,Communication_Factors
moment,120,Communication_Factors
end,120,Facility_Factors
group,119,Educational_Factors
change,116,Facility_Factors
review,114,Communication_Factors
fee,112,Communication_Factors
playgroup,112,Facility_Factors
laoshi,110,Staff_and_Management_Factors
transition,109,Educational_Factors
foundation,108,Facility_Factors
interaction,108,Educational_Factors
water,108,Communication_Factors
period,107,Educational_Factors
childhood,107,Communication_Factors
house,107,Facility_Factors
graduation,106,Educational_Factors
memory,106,Communication_Factors
approach,105,Educational_Factors
alot,105,Communication_Factors
smile,105,Communication_Factors
tour,104,Educational_Factors
aspect,104,Staff_and_Management_Factors
reading,103,Educational_Factors
joy,102,Communication_Factors
today,102,Facility_Factors
peace,101,Staff_and_Management_Factors
service,100,Educational_Factors
safety,100,Safety_and_Health_Factors
ease,99,Staff_and_Management_Factors
story,98,Educational_Factors
understanding,98,Educational_Factors
gratitude,97,Communication_Factors
question,96,Communication_Factors
character,96,Educational_Factors
location,95,Facility_Factors
role,94,Staff_and_Management_Factors
mile,94,Staff_and_Management_Factors
community,92,Facility_Factors
excursion,91,Facility_Factors
auntie,90,Staff_and_Management_Factors
commitment,89,Safety_and_Health_Factors
ability,88,Safety_and_Health_Factors
atmosphere,87,Safety_and_Health_Factors
difference,87,Safety_and_Health_Factors
face,86,Educational_Factors
workshop,85,Educational_Factors
study,83,Educational_Factors
attitude,83,Safety_and_Health_Factors
concert,83,Facility_Factors
self,83,Safety_and_Health_Factors
celebration,82,Communication_Factors
session,82,Educational_Factors
sense,82,Safety_and_Health_Factors
trip,81,Facility_Factors
song,81,Communication_Factors
book,81,Educational_Factors
help,81,Communication_Factors
meal,81,Communication_Factors
turnover,80,Safety_and_Health_Factors
hour,80,Educational_Factors
standard,80,Safety_and_Health_Factors
nursery,80,Educational_Factors
appreciation,79,Communication_Factors
room,79,Facility_Factors
process,78,
reason,77,Communication_Factors
people,77,Safety_and_Health_Factors
point,77,Facility_Factors
star,76,Communication_Factors
speech,75,Educational_Factors
query,75,Safety_and_Health_Factors
impact,75,Educational_Factors
problem,75,Communication_Factors
form,75,Educational_Factors
stage,73,
hygiene,72,Safety_and_Health_Factors
kindness,72,Communication_Factors
leadership,71,Educational_Factors
writing,71,Educational_Factors
ratio,70,Safety_and_Health_Factors
fact,69,Safety_and_Health_Factors
mandarin,68,Safety_and_Health_Factors
professionalism,67,Educational_Factors
habit,66,Safety_and_Health_Factors
drop,66,Educational_Factors
future,66,
everyday,66,
creativity,65,Educational_Factors
behaviour,65,Communication_Factors
expectation,64,Communication_Factors
kind,64,Safety_and_Health_Factors
mother,64,Staff_and_Management_Factors
bit,64,Safety_and_Health_Factors
culture,64,Safety_and_Health_Factors
principle,64,Educational_Factors
field,63,Safety_and_Health_Factors
bus,63,Facility_Factors
visit,63,Safety_and_Health_Factors
garden,63,Safety_and_Health_Factors
rest,63,Safety_and_Health_Factors
material,62,Safety_and_Health_Factors
case,62,Safety_and_Health_Factors
number,62,Safety_and_Health_Factors
manner,62,
campus,62,Facility_Factors
admin,60,Staff_and_Management_Factors
situation,60,Communication_Factors
gym,60,Facility_Factors
detail,60,Safety_and_Health_Factors
building,60,Facility_Factors
door,60,Facility_Factors
wife,59,Staff_and_Management_Factors
weekend,58,Communication_Factors
rate,57,Educational_Factors
shout,57,Safety_and_Health_Factors
start,57,Educational_Factors
challenge,57,Staff_and_Management_Factors
person,56,Safety_and_Health_Factors
worry,56,Communication_Factors
nature,56,Educational_Factors
world,56,
sport,55,Educational_Factors
enthusiasm,55,Communication_Factors
training,55,Staff_and_Management_Factors
husband,55,Staff_and_Management_Factors
craft,55,
regret,55,Communication_Factors
academic,55,Educational_Factors
phonic,55,Educational_Factors
encouragement,55,Communication_Factors
response,55,Communication_Factors
picture,54,Safety_and_Health_Factors
independence,53,
warmth,53,Staff_and_Management_Factors
video,51,Safety_and_Health_Factors
method,51,Educational_Factors
patient,51,Communication_Factors
compound,51,Safety_and_Health_Factors
responsibility,50,Educational_Factors
motor,50,
course,50,Educational_Factors
system,50,Safety_and_Health_Factors
variety,49,Educational_Factors
check,49,Educational_Factors
money,49,Staff_and_Management_Factors
cooking,48,Communication_Factors
learner,48,Educational_Factors
milestone,48,Educational_Factors
individual,47,Educational_Factors
dance,47,Educational_Factors
toy,47,Educational_Factors
exposure,47,Educational_Factors
assurance,47,Staff_and_Management_Factors
chance,46,Staff_and_Management_Factors
park,46,Facility_Factors
action,45,Staff_and_Management_Factors
balance,45,Educational_Factors
success,45,Educational_Factors
bond,45,Educational_Factors
addition,45,Educational_Factors
email,45,Communication_Factors
health,45,Safety_and_Health_Factors
holiday,44,Facility_Factors
focus,44,Educational_Factors
peer,44,Staff_and_Management_Factors
relationship,44,Educational_Factors
incident,44,Staff_and_Management_Factors
toilet,43,Facility_Factors
cleanliness,43,Safety_and_Health_Factors
date,43,Communication_Factors
happiness,43,Communication_Factors
thumb,43,Communication_Factors
gem,43,Facility_Factors
discipline,43,Educational_Factors
member,42,
stuff,42,Staff_and_Management_Factors
thought,42,Educational_Factors
beginning,42,Educational_Factors
caring,42,Staff_and_Management_Factors
conversation,42,Communication_Factors
science,42,Educational_Factors
occasion,42,Educational_Factors
game,41,Communication_Factors
setting,41,
routine,41,Educational_Factors
testament,41,Educational_Factors
shoutout,41,Communication_Factors
lady,41,Staff_and_Management_Factors
behavior,41,Educational_Factors
energy,41,
condition,40,Educational_Factors
plenty,40,Staff_and_Management_Factors
outing,40,Facility_Factors
lunch,40,Communication_Factors
example,40,Educational_Factors
information,40,Educational_Factors
phone,40,Facility_Factors
director,39,Educational_Factors
trust,39,Educational_Factors
mention,38,Educational_Factors
idea,38,Educational_Factors
diaper,38,Facility_Factors
eye,37,Safety_and_Health_Factors
matter,37,Educational_Factors
leader,37,Staff_and_Management_Factors
literacy,37,
curiosity,37,
theme,37,Educational_Factors
evening,36,
vibe,36,Communication_Factors
concept,36,Educational_Factors
potential,36,Educational_Factors
sister,36,Staff_and_Management_Factors
anxiety,35,Safety_and_Health_Factors
step,35,Educational_Factors
couple,35,Staff_and_Management_Factors
owner,35,Staff_and_Management_Factors
math,35,Educational_Factors
list,35,Communication_Factors
homework,35,Educational_Factors
preparation,34,Educational_Factors
showcase,34,Educational_Factors
message,34,Communication_Factors
drama,34,Educational_Factors
respect,34,
gourmet,34,
deposit,34,Educational_Factors
report,33,Educational_Factors
priority,33,
tip,33,Educational_Factors
name,33,Educational_Factors
regard,33,Staff_and_Management_Factors
mindset,32,
subject,32,Educational_Factors
practice,32,Educational_Factors
friendship,32,Communication_Factors
surprise,32,
premise,32,Educational_Factors
opinion,32,Educational_Factors
plan,31,
initiative,31,Educational_Factors
feeling,31,Staff_and_Management_Factors
operation,31,Staff_and_Management_Factors
vocabulary,31,Educational_Factors
lack,31,Educational_Factors
instruction,31,
wellbeing,31,
basis,30,Educational_Factors
light,30,Facility_Factors
engagement,30,Educational_Factors
personality,30,Communication_Factors
request,30,Educational_Factors
lao,30,Communication_Factors
result,30,Educational_Factors
enquiry,30,Educational_Factors
progression,30,Educational_Factors
brand,30,Facility_Factors
adult,30,Communication_Factors
minute,30,Educational_Factors
sch,30,Facility_Factors
factor,30,Educational_Factors
milk,30,Safety_and_Health_Factors
comment,29,Communication_Factors
tuition,29,Educational_Factors
difficulty,29,Safety_and_Health_Factors
sharing,29,Staff_and_Management_Factors
touch,29,Communication_Factors
structure,29,Educational_Factors
assistant,29,Staff_and_Management_Factors
bonding,29,Staff_and_Management_Factors
advice,29,Educational_Factors
importance,28,Staff_and_Management_Factors
topic,28,Educational_Factors
project,28,Educational_Factors
platform,28,
involvement,28,
comfort,28,Communication_Factors
note,28,Communication_Factors
separation,28,Safety_and_Health_Factors
registration,27,Educational_Factors
head,27,Staff_and_Management_Factors
excellence,27,Staff_and_Management_Factors
partner,27,Staff_and_Management_Factors
thinking,27,Communication_Factors
doubt,27,Communication_Factors
uniform,27,Communication_Factors
strength,27,Staff_and_Management_Factors
night,27,Communication_Factors
road,27,Facility_Factors
emphasis,27,Educational_Factors
syllabus,27,Educational_Factors
sentence,27,Communication_Factors
option,27,Educational_Factors
air,27,Facility_Factors
core,26,Communication_Factors
artwork,26,Educational_Factors
distance,26,Facility_Factors
preschooler,26,Staff_and_Management_Factors
recommendation,26,
schedule,26,Educational_Factors
enrolment,26,Educational_Factors
arrangement,26,
guy,26,Staff_and_Management_Factors
type,26,Educational_Factors
manager,26,Staff_and_Management_Factors
relief,25,
span,25,Communication_Factors
generation,25,
violin,25,Educational_Factors
happening,25,Communication_Factors
ground,25,Facility_Factors
helper,25,Staff_and_Management_Factors
suggestion,25,Communication_Factors
leap,25,
office,25,Facility_Factors
city,25,Facility_Factors
kitchen,25,Facility_Factors
neighbourhood,25,Facility_Factors
planning,24,Staff_and_Management_Factors
instrument,24,
partnership,24,Staff_and_Management_Factors
reply,24,Communication_Factors
range,24,Educational_Factors
consideration,24,Communication_Factors
emotion,24,
view,24,Facility_Factors
virus,24,Educational_Factors
village,24,Facility_Factors
mom,24,Facility_Factors
schooling,24,Educational_Factors
measure,24,Educational_Factors
window,24,
style,24,Communication_Factors
contact,23,Staff_and_Management_Factors
mentor,23,Staff_and_Management_Factors
size,23,
share,23,Staff_and_Management_Factors
exploration,23,Communication_Factors
price,23,Cost_Factors
security,23,Staff_and_Management_Factors
ceremony,23,Educational_Factors
phase,23,Educational_Factors
talk,23,Communication_Factors
p,23,Facility_Factors
institution,22,Educational_Factors
pace,22,
charge,22,Educational_Factors
spelling,22,
off,22,
impression,22,Communication_Factors
festival,22,Facility_Factors
playing,22,
administration,22,Educational_Factors
cleaning,22,Educational_Factors
outdoor,22,
car,22,Facility_Factors
achievement,22,
experiment,22,
menu,22,
footprint,22,Educational_Factors
pool,21,Facility_Factors
mall,21,Facility_Factors
assistance,21,
customer,21,Staff_and_Management_Factors
trainer,21,Staff_and_Management_Factors
line,21,
movie,21,Educational_Factors
notice,21,
highlight,21,Educational_Factors
notch,21,Staff_and_Management_Factors
kiddo,21,Communication_Factors
duty,21,
pleasure,20,Staff_and_Management_Factors
working,20,Staff_and_Management_Factors
fear,20,Safety_and_Health_Factors
professional,20,
tender,20,Safety_and_Health_Factors
graduate,20,Staff_and_Management_Factors
capability,20,
observation,20,Educational_Factors
outlet,20,Facility_Factors
punggol,20,Facility_Factors
wonder,20,Communication_Factors
mth,20,Educational_Factors
praise,20,Communication_Factors
pick,20,
parenting,20,
turn,20,
nap,20,Facility_Factors
expression,19,
talent,19,
rapport,19,
welcoming,19,Staff_and_Management_Factors
parking,19,Facility_Factors
pride,19,Staff_and_Management_Factors
singing,19,
cost,19,Cost_Factors
task,19,Educational_Factors
up,19,
half,19,
granddaughter,19,Communication_Factors
cookery,19,
snack,19,
slot,19,Facility_Factors
skool,19,Facility_Factors
birthday,18,Communication_Factors
transformation,18,Educational_Factors
adventure,18,
credit,18,
empathy,18,Staff_and_Management_Factors
item,18,
floor,18,Facility_Factors
brother,18,
teamwork,18,
excitement,18,
allergy,18,Safety_and_Health_Factors
practicum,18,Educational_Factors
inquiry,18,Communication_Factors
gate,18,Facility_Factors
attentiveness,18,Educational_Factors
bound,18,
business,18,
mix,18,Communication_Factors
resource,18,Educational_Factors
raffle,18,Facility_Factors
meeting,17,
summary,17,Staff_and_Management_Factors
stranger,17,
mindspace,17,Educational_Factors
answer,17,Educational_Factors
niece,17,Staff_and_Management_Factors
traffic,17,Facility_Factors
temperature,17,
collaboration,17,Staff_and_Management_Factors
entrance,17,
daugther,17,Communication_Factors
path,17,
nurturing,17,
appointment,17,
sun,17,
blessing,17,Staff_and_Management_Factors
country,17,
loving,17,Staff_and_Management_Factors
corner,17,Facility_Factors
reminder,17,Communication_Factors
waitlist,17,Educational_Factors
mum,17,Staff_and_Management_Factors
mood,17,Communication_Factors
tlh,17,Communication_Factors
volume,16,
philosophy,16,
sign,16,Educational_Factors
shi,16,Safety_and_Health_Factors
numeracy,16,Educational_Factors
use,16,
element,16,
twin,16,Staff_and_Management_Factors
ex,16,Communication_Factors
plant,16,Facility_Factors
hardwork,16,
opening,16,Communication_Factors
franchise,16,Facility_Factors
news,16,
walk,16,
vacancy,16,Facility_Factors
application,16,
mask,16,Safety_and_Health_Factors
bottle,16,
skin,16,
champion,15,Educational_Factors
presence,15,
shopping,15,Communication_Factors
sincerity,15,Staff_and_Management_Factors
affection,15,Communication_Factors
imagination,15,
timing,15,
increase,15,Cost_Factors
costume,15,
covid,15,Safety_and_Health_Factors
station,15,
spot,15,
tear,15,Communication_Factors
restriction,15,Staff_and_Management_Factors
grade,15,Educational_Factors
daddy,15,Staff_and_Management_Factors
model,15,
affair,15,
load,15,Communication_Factors
letter,15,
control,15,
insight,15,Communication_Factors
block,15,Facility_Factors
compassion,15,Communication_Factors
eg,15,Facility_Factors
rule,15,
surrounding,15,Communication_Factors
caregiver,15,Staff_and_Management_Factors
complaint,15,Communication_Factors
cook,15,Staff_and_Management_Factors
sand,15,
ifc,15,Facility_Factors
sibling,14,Safety_and_Health_Factors
daycare,14,Facility_Factors
newsletter,14,
dream,14,Communication_Factors
man,14,
greeting,14,Communication_Factors
past,14,
protocol,14,
company,14,Facility_Factors
breeze,14,
set,14,Educational_Factors
min,14,
design,14,Educational_Factors
prop,14,
afternoon,14,
yrs,14,Safety_and_Health_Factors
vision,14,
fruit,14,
break,14,Communication_Factors
track,14,
outbreak,14,Safety_and_Health_Factors
payment,14,Communication_Factors
u,14,Safety_and_Health_Factors
robotic,14,Educational_Factors
amenity,13,Facility_Factors
methodology,13,Educational_Factors
hope,13,Communication_Factors
stay,13,
infrastructure,13,Facility_Factors
pickup,13,Facility_Factors
cheer,13,Communication_Factors
order,13,
exercise,13,Safety_and_Health_Factors
bunch,13,Communication_Factors
weakness,13,
piece,13,
colour,13,Educational_Factors
premium,13,Communication_Factors
soul,13,
delivery,13,Facility_Factors
reassurance,13,Communication_Factors
stop,13,
vice,13,Staff_and_Management_Factors
admission,13,
estate,13,
tool,13,Facility_Factors
李老师,13,
spirit,13,Communication_Factors
content,13,Communication_Factors
attrition,13,
colleague,13,
awareness,13,Educational_Factors
call,13,Communication_Factors
eater,13,
pm,13,Educational_Factors
blossom,13,Communication_Factors
gift,13,Staff_and_Management_Factors
good,13,Communication_Factors
trouble,13,
rating,13,Educational_Factors
stress,12,Safety_and_Health_Factors
drive,12,Educational_Factors
transfer,12,Staff_and_Management_Factors
site,12,Facility_Factors
party,12,
lil,12,Communication_Factors
pandemic,12,Educational_Factors
connection,12,Educational_Factors
ton,12,
wait,12,
neighborhood,12,Facility_Factors
animal,12,
n,12,Safety_and_Health_Factors
channel,12,
e,12,Communication_Factors
website,12,Communication_Factors
waiting,12,Communication_Factors
weather,12,
vegetable,12,
establishment,12,Facility_Factors
mummy,12,Staff_and_Management_Factors
zone,12,
haven,12,Communication_Factors
background,12,
tantrum,12,
children,12,
arm,12,
yr,12,Communication_Factors
worksheet,12,Educational_Factors
swimming,12,Educational_Factors
gal,12,Staff_and_Management_Factors
vicinity,12,
leave,12,
rash,12,Safety_and_Health_Factors
eczema,12,Safety_and_Health_Factors
infantcare,12,Facility_Factors
ball,12,
risk,11,
comparison,11,
selection,11,
hesitation,11,
reception,11,Facility_Factors
laughter,11,
inspiration,11,
shoe,11,
mark,11,
camp,11,
diversity,11,Educational_Factors
expertise,11,Staff_and_Management_Factors
discovery,11,
chat,11,Communication_Factors
hair,11,
state,11,
doctor,11,
pity,11,Communication_Factors
disease,11,Safety_and_Health_Factors
greenery,11,
contribution,11,Staff_and_Management_Factors
composition,11,Educational_Factors
goodbye,11,Communication_Factors
wall,11,
administrator,11,Staff_and_Management_Factors
mathematic,11,Educational_Factors
enrollment,11,Educational_Factors
conclusion,11,Staff_and_Management_Factors
carpark,11,Facility_Factors
refund,11,Communication_Factors
apology,11,Communication_Factors
grandson,11,Staff_and_Management_Factors
status,11,
willingness,11,Communication_Factors
cc,11,Communication_Factors
cove,11,Facility_Factors
educarer,11,Educational_Factors
hug,11,Safety_and_Health_Factors
clothe,11,
look,11,Facility_Factors
bruise,11,
telling,11,
feed,11,Communication_Factors
church,11,Facility_Factors
woodland,10,
preference,10,
ambience,10,
circumstance,10,Educational_Factors
influence,10,Educational_Factors
pedagogy,10,
cry,10,
blink,10,
internship,10,Educational_Factors
gesture,10,
in,10,
rock,10,Educational_Factors
alphabet,10,Educational_Factors
cream,10,Educational_Factors
privilege,10,
farm,10,
father,10,Staff_and_Management_Factors
behalf,10,Communication_Factors
access,10,
mannerism,10,
appreciate,10,Communication_Factors
history,10,
circuit,10,
government,10,Facility_Factors
dancing,10,
mistake,10,Communication_Factors
cake,10,
welfare,10,Safety_and_Health_Factors
schoolhouse,10,Facility_Factors
announcement,10,
manpower,10,
breakfast,10,Communication_Factors
portal,10,
living,10,Communication_Factors
card,10,
orientation,10,
bay,10,Facility_Factors
kidz,10,
tot,10,Communication_Factors
elfa,10,Staff_and_Management_Factors
chef,9,Staff_and_Management_Factors
speaking,9,Staff_and_Management_Factors
cause,9,
proficiency,9,Staff_and_Management_Factors
grandparent,9,
conference,9,
rhythm,9,
notification,9,Communication_Factors
rain,9,
scene,9,
walkway,9,Facility_Factors
yesterday,9,
bite,9,
compliment,9,
sort,9,Educational_Factors
intention,9,Educational_Factors
technique,9,Educational_Factors
breaker,9,
test,9,Educational_Factors
carer,9,Educational_Factors
setup,9,
layout,9,Facility_Factors
spread,9,Educational_Factors
faith,9,Communication_Factors
delay,9,
participation,9,
cleaner,9,
record,9,
injury,9,Staff_and_Management_Factors
subsidy,9,Cost_Factors
excuse,9,
accident,9,Safety_and_Health_Factors
grass,9,
biscuit,9,Educational_Factors
flexibility,9,
foot,9,Educational_Factors
teach,9,Educational_Factors
resident,9,
address,9,Facility_Factors
bag,9,
mommy,9,Staff_and_Management_Factors
luck,8,Communication_Factors
visitor,8,Communication_Factors
relocation,8,Staff_and_Management_Factors
dish,8,
courtesy,8,Communication_Factors
attendance,8,Educational_Factors
introduction,8,Communication_Factors
grandchild,8,Staff_and_Management_Factors
eating,8,
text,8,
evidence,8,Educational_Factors
piano,8,
adaptability,8,
junction,8,Facility_Factors
fail,8,
enjoyment,8,
struggle,8,
peak,8,
benefit,8,Educational_Factors
promise,8,Staff_and_Management_Factors
sale,8,Cost_Factors
lifetime,8,
goal,8,Educational_Factors
小恩老师,8,
instance,8,
like,8,Educational_Factors
transparency,8,Educational_Factors
version,8,
depth,8,
bed,8,
west,8,
perspective,8,Educational_Factors
withdrawal,8,Safety_and_Health_Factors
pant,8,
r,8,Communication_Factors
playtime,8,
sunshine,8,Educational_Factors
square,8,
procedure,8,
discussion,8,Educational_Factors
episode,8,
transit,8,Facility_Factors
tree,8,Educational_Factors
convenience,8,Educational_Factors
welcome,8,
basic,8,
nephew,8,
bonus,8,Educational_Factors
shortage,8,
tone,8,
portfolio,8,
street,8,
pat,8,Communication_Factors
part,8,Facility_Factors
glass,8,Facility_Factors
supervision,8,Staff_and_Management_Factors
policy,8,
forest,8,
drawing,8,
post,8,Communication_Factors
flu,8,Safety_and_Health_Factors
transport,8,Facility_Factors
weight,8,Staff_and_Management_Factors
paper,8,
advance,8,Educational_Factors
beach,8,Facility_Factors
meadow,8,
kindie,8,Facility_Factors
handicraft,7,
hubby,7,Communication_Factors
awe,7,
presentation,7,Educational_Factors
search,7,Educational_Factors
color,7,Facility_Factors
listening,7,Communication_Factors
pic,7,
award,7,
comm,7,
public,7,
donation,7,
domain,7,
source,7,
section,7,
mean,7,Communication_Factors
princess,7,
profit,7,
horizon,7,Educational_Factors
strategy,7,Staff_and_Management_Factors
vendor,7,
machine,7,
return,7,
board,7,
myriad,7,Educational_Factors
foster,7,
disruption,7,
eagerness,7,
pain,7,
theatre,7,Facility_Factors
stability,7,
northshore,7,
cough,7,Safety_and_Health_Factors
feel,7,
info,7,
arrival,7,
plate,7,
esteem,7,
slide,7,
advantage,7,
canteen,7,Facility_Factors
land,7,
fuss,7,
weekday,7,
society,7,
trait,7,
sleepover,7,
extent,7,
island,7,
remark,7,
caretaker,7,
speaker,7,
conduct,7,
account,7,
lie,7,
coordination,7,Educational_Factors
capacity,7,
mid,7,
research,7,
crowd,7,
shop,7,
nightmare,7,Safety_and_Health_Factors
decoration,7,Communication_Factors
twinklekidz,7,Educational_Factors
worker,7,Staff_and_Management_Factors
tea,7,
industry,7,
chicken,7,
batch,7,Educational_Factors
hotline,7,
objective,7,Educational_Factors
scratch,7,
inconvenience,7,
act,7,Educational_Factors
bicycle,7,
body,7,
hero,7,Communication_Factors
total,7,Communication_Factors
ceiling,7,
accountability,7,
requirement,7,Educational_Factors
chair,7,Facility_Factors
blame,7,
painting,7,
offer,7,
hospital,7,
assessment,7,
odyssey,7,Facility_Factors
bubbly,7,
interview,7,Educational_Factors
placement,6,Educational_Factors
display,6,
diet,6,Safety_and_Health_Factors
signature,6,Communication_Factors
comprehension,6,
organising,6,
keyboard,6,
communicating,6,
partnering,6,
solution,6,Educational_Factors
spectrum,6,
flower,6,
box,6,Facility_Factors
organisation,6,
recipe,6,
friendliness,6,Staff_and_Management_Factors
mcbkk,6,
brain,6,
cinema,6,
schoolmate,6,
exhibition,6,Educational_Factors
counter,6,Facility_Factors
expert,6,
decade,6,
aid,6,
sock,6,
disappointment,6,Communication_Factors
equipment,6,Facility_Factors
competency,6,Educational_Factors
dollar,6,
outcome,6,
demeanor,6,Communication_Factors
attachment,6,
library,6,
sight,6,
investment,6,
delight,6,
scale,6,Educational_Factors
lift,6,
hfmd,6,
intelligence,6,
reputation,6,Communication_Factors
poem,6,Educational_Factors
patch,6,
aircon,6,Facility_Factors
inclusivity,6,
lockdown,6,Facility_Factors
recognition,6,
camaraderie,6,
daily,6,
mindfulness,6,
excel,6,
personable,6,Communication_Factors
mgmt,6,
belonging,6,
relative,6,
guard,6,
loop,6,Facility_Factors
sentosa,6,
zoom,6,
calendar,6,Facility_Factors
page,6,
logistic,6,Facility_Factors
sleep,6,Safety_and_Health_Factors
adjustment,6,
description,6,
indoor,6,
network,6,
deal,6,
therapy,6,
abit,6,
黄老师,6,
train,6,
grace,6,Communication_Factors
prep,6,
nose,6,Safety_and_Health_Factors
motivation,6,
aunty,6,
wound,6,
kindy,6,
purpose,6,
integrity,6,
mosquito,6,
bukit,6,
computer,6,
scar,6,Facility_Factors
feeding,6,
dismissal,6,
complain,6,
neighbour,6,Facility_Factors
supervisor,6,Staff_and_Management_Factors
booklet,6,
carnival,6,Educational_Factors
shaw,6,Educational_Factors
intern,6,
m,6,Facility_Factors
contract,6,
renovation,6,
shelter,6,
table,6,Facility_Factors
authority,6,
hardware,6,
second,6,Facility_Factors
merger,6,Educational_Factors
tampine,6,Facility_Factors
camelot,6,Educational_Factors
temperament,5,
ingredient,5,
interchange,5,
supermarket,5,
local,5,Educational_Factors
committee,5,
recorder,5,
shape,5,Facility_Factors
yo,5,
hit,5,
bar,5,Facility_Factors
tutor,5,Staff_and_Management_Factors
socio,5,
picnic,5,
crew,5,
pronunciation,5,
length,5,Educational_Factors
reaction,5,
honor,5,Staff_and_Management_Factors
gain,5,
alternative,5,Facility_Factors
referral,5,
egg,5,
fish,5,
guest,5,
hassle,5,
sanitisation,5,
operator,5,
hrs,5,
club,5,
volunteer,5,
provider,5,
eat,5,Educational_Factors
seat,5,Facility_Factors
lol,5,
lighting,5,
disposition,5,
wisdom,5,
drum,5,
meltdown,5,Communication_Factors
intervention,5,
schooler,5,
washroom,5,
castle,5,
storytelling,5,
sing,5,Educational_Factors
shaping,5,
bank,5,
positivity,5,
furniture,5,
superhero,5,
tune,5,
command,5,
termly,5,
illness,5,
constraint,5,
turning,5,
staffing,5,Staff_and_Management_Factors
coast,5,
cultivation,5,
pay,5,
goo,5,
folk,5,
employee,5,Staff_and_Management_Factors
communicate,5,
competence,5,Staff_and_Management_Factors
cafe,5,
superb,5,
inclusion,5,
belief,5,
position,5,Communication_Factors
crying,5,
queue,5,Educational_Factors
courage,5,Communication_Factors
founder,5,
exchange,5,
career,5,Educational_Factors
autism,5,
guide,5,Educational_Factors
semester,5,
aunt,5,
elder,5,Educational_Factors
mate,5,
wing,5,Facility_Factors
weekly,5,
tongue,5,
straw,5,
fever,5,
height,5,
ride,5,Educational_Factors
woman,5,
swing,5,
coincidence,5,
clarification,5,
demand,5,
corridor,5,Facility_Factors
geography,5,
context,5,
counting,5,Educational_Factors
thoughtfulness,5,
clip,5,
mission,5,Educational_Factors
pressure,5,
mouth,5,
pro,5,Educational_Factors
timah,5,
encounter,5,Educational_Factors
cluster,5,
downside,5,Communication_Factors
attempt,5,
trial,5,
town,5,
effect,5,
germ,5,
key,5,Facility_Factors
gardening,5,
human,5,
sickness,5,
bug,5,
software,5,
taking,5,
treatment,5,Educational_Factors
cctv,5,
leg,5,
hall,5,
switch,5,
movement,5,
deck,5,Facility_Factors
mess,5,
middle,5,Educational_Factors
symptom,5,
cycling,5,
sparkle,5,Communication_Factors
anniversary,5,Communication_Factors
ventilation,5,
lapse,5,Educational_Factors
sweat,5,
seed,5,Facility_Factors
nearer,5,
psle,5,Educational_Factors
dog,5,Educational_Factors
phew,4,
entertainment,4,
tell,4,
nutrition,4,Safety_and_Health_Factors
meet,4,
function,4,
stroke,4,
effectiveness,4,
checking,4,
noise,4,
kyler,4,
pillar,4,
inquisitiveness,4,
harmony,4,
wish,4,
guideline,4,Communication_Factors
articulation,4,
read,4,
patron,4,
assignment,4,Educational_Factors
blast,4,
football,4,
series,4,Educational_Factors
promotion,4,
mindscape,4,
uncertainty,4,
ice,4,
heritage,4,
frame,4,
accomplishment,4,
crocodile,4,
柴老师,4,
run,4,
fort,4,Facility_Factors
recommend,4,
谢老师,4,
sea,4,
regulation,4,
wash,4,
tap,4,
attendant,4,
lifeskill,4,
applause,4,
immersion,4,
farewell,4,
wave,4,
ship,4,
package,4,
finger,4,
testimony,4,
tomorrow,4,
paragon,4,
absence,4,Educational_Factors
t,4,Staff_and_Management_Factors
angle,4,
score,4,
feature,4,
allocation,4,
photograph,4,
root,4,
companion,4,
km,4,Facility_Factors
handful,4,
brainer,4,
bathroom,4,Facility_Factors
degree,4,
consistency,4,
quarter,4,
venue,4,
duration,4,
yoga,4,Educational_Factors
move,4,
timetable,4,
discount,4,
shame,4,Communication_Factors
proverb,4,Educational_Factors
consumer,4,Facility_Factors
explanation,4,
indicator,4,
breakdown,4,
cbd,4,
region,4,
preshoool,4,
primary,4,
inform,4,Communication_Factors
langage,4,
monitor,4,
chain,4,
midst,4,
suit,4,
graduating,4,
entry,4,
impress,4,Educational_Factors
midview,4,
changer,4,
leaflet,4,
waste,4,
eversince,4,Staff_and_Management_Factors
storey,4,
therapist,4,
availability,4,Educational_Factors
favourite,4,
warming,4,
forum,4,
enrolling,4,
dislike,4,
cohort,4,
beacon,4,
unit,4,
sparkletot,4,Educational_Factors
planet,4,
workbook,4,
voice,4,
certificate,4,
waterplay,4,
medium,4,Educational_Factors
chore,4,
dinner,4,
veggie,4,Educational_Factors
screen,4,Facility_Factors
power,4,
bullying,4,
lead,4,Educational_Factors
confirmation,4,
mass,4,
scissor,4,
criterion,4,
pupil,4,
product,4,
performer,4,
tradition,4,
race,4,
obstacle,4,
bridge,4,
tv,4,Facility_Factors
foreigner,4,
airy,4,Facility_Factors
organization,4,Educational_Factors
negligence,4,
precaution,4,
umbrella,4,Facility_Factors
birth,4,
maternity,4,
cirriculum,4,
glimpse,4,
reviewer,4,
curtain,4,Facility_Factors
solid,4,
porridge,4,
portion,4,
passage,4,
emergency,4,
abuse,4,Educational_Factors
sunflower,4,Educational_Factors
outside,4,Facility_Factors
input,4,
direction,4,Staff_and_Management_Factors
cum,4,Educational_Factors
deduction,4,
blk,4,
caterpillar,4,Educational_Factors
exterior,4,
advertisement,4,
technology,4,Facility_Factors
devotion,4,Communication_Factors
raintree,4,Facility_Factors
montessori,4,
boutique,4,
porch,4,
moon,4,Educational_Factors
sustainability,4,
pcf,4,Communication_Factors
finance,4,Staff_and_Management_Factors
reality,4,
tricycle,4,Facility_Factors
upbringing,4,
host,4,
band,4,
accordance,4,
desk,4,
abundance,4,Educational_Factors
courtyard,4,
mulberry,4,
bum,4,
stone,4,
investigation,4,
religion,4,
angeline,4,Staff_and_Management_Factors
胡老师,4,
rice,4,
tee,4,
testimonial,4,Communication_Factors
document,4,
montage,3,
boss,3,Staff_and_Management_Factors
outlook,3,
qualm,3,Educational_Factors
faculty,3,
supplement,3,
workforce,3,Staff_and_Management_Factors
banking,3,
grocery,3,
expat,3,
hardship,3,
penny,3,
youngling,3,
bulk,3,
attraction,3,
rigour,3,
clean,3,
unhappiness,3,
outfit,3,
thankful,3,
wheel,3,
hiring,3,Educational_Factors
grandma,3,
rounder,3,
roof,3,
handwriting,3,
failure,3,
sweetest,3,
necessity,3,
flash,3,
asap,3,
write,3,
coin,3,
ethic,3,
ethos,3,
resistance,3,
heartfelt,3,Communication_Factors
fixture,3,
mixture,3,
jam,3,
sandwich,3,
driver,3,
soo,3,
yay,3,
enquire,3,Staff_and_Management_Factors
saying,3,
balloon,3,
souvenir,3,
ownership,3,
clause,3,
tactic,3,
profession,3,
improve,3,
following,3,
engage,3,
tennis,3,
court,3,
pair,3,
wise,3,
rehearsal,3,
production,3,
hundred,3,
audience,3,
cleaniness,3,
headstart,3,
pointer,3,
nut,3,Educational_Factors
pattern,3,
creation,3,
know,3,
going,3,
linguistic,3,
cup,3,
stool,3,
coaching,3,Staff_and_Management_Factors
log,3,
孙老师,3,
immunity,3,
hq,3,
down,3,
resignation,3,
departure,3,
scheme,3,
fro,3,
headmaster,3,
blend,3,
reopen,3,
fairness,3,
diligence,3,
spoken,3,
centric,3,
synergy,3,
reluctance,3,
helm,3,
cave,3,
curiculum,3,
pg,3,Facility_Factors
peach,3,
justice,3,
inspiring,3,Educational_Factors
attribute,3,
reinforcement,3,
outreach,3,
plastic,3,
force,3,
manipulative,3,
show,3,Educational_Factors
basement,3,
shot,3,
treat,3,
facilitate,3,Educational_Factors
visibility,3,
zest,3,
resort,3,
hotel,3,
seperation,3,
叶老师,3,
behave,3,
hdb,3,
revision,3,
bud,3,
branding,3,Communication_Factors
bishan,3,
fonder,3,
loyalty,3,
heartlander,3,
betterment,3,
greatness,3,
l,3,Communication_Factors
complex,3,
user,3,
tolerance,3,
wealth,3,
avenue,3,
infection,3,
expansion,3,
o,3,
cookie,3,
academy,3,
making,3,
prayer,3,
guardian,3,
individuality,3,
trampoline,3,
magic,3,
sandpit,3,
calm,3,
hunt,3,
sake,3,
copy,3,
nurture,3,
fall,3,
vitality,3,
shower,3,
baking,3,
赵老师,3,
flow,3,
invoice,3,
tp,3,
privacy,3,
reward,3,
standout,3,
combination,3,
exemplary,3,
frustration,3,
par,3,
bowl,3,
fashion,3,
backdrop,3,
chocolate,3,
market,3,Facility_Factors
calibre,3,Educational_Factors
superland,3,Educational_Factors
forehead,3,
con,3,Communication_Factors
ant,3,
officer,3,
right,3,
daugher,3,Staff_and_Management_Factors
phrase,3,
walking,3,
taste,3,
season,3,
pioneer,3,
follow,3,
interior,3,Facility_Factors
co,3,
crawl,3,
reader,3,
coz,3,
infancy,3,
cut,3,
w,3,
stomach,3,
file,3,
shortfall,3,
array,3,
medicine,3,
activite,3,
calculation,3,
consent,3,
mentorship,3,
pet,3,
north,3,
adaptation,3,
closing,3,
implementation,3,
code,3,
innovation,3,Educational_Factors
inclusive,3,
everytime,3,
image,3,
dirt,3,
shine,3,
vitamin,3,
drain,3,
abacus,3,
rigor,3,
zoo,3,Educational_Factors
pass,3,
riverlife,3,
handover,3,
giggle,3,
ration,3,
dealing,3,
characteristic,3,
passionate,3,Communication_Factors
reservation,3,
fitness,3,
terrace,3,
assembly,3,
try,3,
cent,3,
coding,3,Educational_Factors
crunch,3,
specialist,3,
coffee,3,
clarity,3,
backyard,3,
east,3,
round,3,
beauty,3,
endeavour,3,
diploma,3,
norm,3,
conveniency,3,
sunlight,3,
minimum,3,
advise,3,
newspaper,3,
stand,3,
feat,3,
uncle,3,Staff_and_Management_Factors
envirolment,3,Facility_Factors
base,3,
clock,3,
prompt,3,
custom,3,
truth,3,
receptionist,3,
老师,3,
insect,3,
flag,3,
cross,3,Educational_Factors
conflict,3,
mozzie,3,
neighbor,3,
packing,3,
haha,3,Communication_Factors
whatsapp,3,Communication_Factors
heartache,3,
shell,3,
robot,3,
kit,3,
timer,3,
suitability,3,Educational_Factors
marching,3,
yew,3,
instill,3,
instructor,3,Staff_and_Management_Factors
statement,3,
bouncy,3,
sector,3,
ultimatum,3,
diem,3,Communication_Factors
apartment,3,
find,3,Educational_Factors
memorable,2,
dress,2,
assumption,2,
bot,2,
trajectory,2,
eco,2,
captain,2,
constipation,2,
intimidation,2,
headquarters,2,
intent,2,
anticipation,2,
tutoring,2,
companionship,2,
prouder,2,
winner,2,Communication_Factors
smiles,2,
cityscape,2,
restaurant,2,Facility_Factors
sundrie,2,
intimate,2,
adjective,2,
brilliant,2,
aquarium,2,
cuisine,2,Educational_Factors
tacher,2,Staff_and_Management_Factors
fav,2,
esplanade,2,
morality,2,
labor,2,
panda,2,
dinosaur,2,
beneficiary,2,
tenure,2,
directive,2,
basketball,2,
pinyin,2,
generosity,2,
secondborn,2,
grow,2,Educational_Factors
decorum,2,
cohesiveness,2,
mainstream,2,
foresight,2,
affinity,2,
everyweek,2,
robustness,2,
blending,2,
celeb,2,
deepening,2,
thirst,2,
adherence,2,
accessibility,2,Facility_Factors
quirk,2,
skillset,2,
relationshipn,2,
fitting,2,
trainee,2,
playgorund,2,
sustenance,2,
taunting,2,
bootcamp,2,
flashcard,2,
苹果老师,2,
pantry,2,Facility_Factors
orange,2,
paperwork,2,
backend,2,
mctc,2,
leia,2,
dion,2,Staff_and_Management_Factors
visiting,2,
skipping,2,
sara,2,
hreat,2,Staff_and_Management_Factors
increment,2,
disguise,2,
jerker,2,
coach,2,
mentality,2,Educational_Factors
logic,2,
express,2,
mindchamper,2,Staff_and_Management_Factors
era,2,
independency,2,
expose,2,
sschool,2,
inclement,2,Staff_and_Management_Factors
author,2,
little,2,
joinery,2,Facility_Factors
cuteness,2,
crime,2,
vowel,2,
motivating,2,
dad,2,
braid,2,
handiwork,2,
alternate,2,
finale,2,
curricilum,2,
娜娜老师,2,
tesitmony,2,
annoyance,2,
irritation,2,
flagship,2,
小雨老师,2,
和,2,
曲老师,2,
flourish,2,
tonuse,2,
neuromove,2,
shuttle,2,
tailor,2,
heartening,2,
phonecall,2,
minding,2,
reporting,2,
outburst,2,
duo,2,
exburence,2,
yard,2,
shoreline,2,
ordeal,2,Safety_and_Health_Factors
distrust,2,
appeal,2,
socialization,2,
grin,2,
diamond,2,
remission,2,
presenting,2,
expend,2,
cheerleader,2,
woe,2,
manoenuve,2,
gymnastic,2,
mindchmap,2,
cold,2,
excellent,2,
ask,2,Educational_Factors
unwavering,2,
expiration,2,
permission,2,
musical,2,
special,2,
entusiatic,2,
distancing,2,
shield,2,
clockwork,2,
inculcation,2,
wood,2,
empowerment,2,
cooperation,2,
meetup,2,
misbehaviour,2,
modesty,2,
impetus,2,
thanls,2,
onekm,2,
major,2,
enforcement,2,
formation,2,
let,2,
long,2,
troop,2,
yogurt,2,Educational_Factors
rainbow,2,
ox,2,
police,2,
interpretation,2,
pose,2,
salute,2,
salesperson,2,
executive,2,
driveway,2,
metre,2,
vehicle,2,
inhouse,2,
nickel,2,Facility_Factors
consultant,2,
lobby,2,
prschool,2,
execution,2,
commendation,2,
paragraph,2,
tribe,2,
front,2,
thrive,2,
pearlyn,2,
boi,2,
travel,2,
smm,2,
adpation,2,
cable,2,
composure,2,
performing,2,
animation,2,
exuberance,2,
idiom,2,
desmond,2,Staff_and_Management_Factors
empire,2,
finesse,2,
hurdle,2,
concentration,2,
midyear,2,
mailbox,2,
satisfaction,2,Communication_Factors
plus,2,
scam,2,
loophole,2,
youth,2,
count,2,
fren,2,
goer,2,
spite,2,
compare,2,
affiliate,2,
ywca,2,
stewardship,2,Staff_and_Management_Factors
receipt,2,
lifestyle,2,
commute,2,
sticker,2,
uniqueness,2,
butterfly,2,Educational_Factors
sandplay,2,
bilingualism,2,
facade,2,Educational_Factors
explorer,2,
stadium,2,
opera,2,
meat,2,
pork,2,
beef,2,
sugar,2,
figure,2,
inexperience,2,
v,2,
fundamental,2,
曾老师,2,
meter,2,
ulcer,2,
dust,2,
handling,2,
master,2,
proof,2,
virtue,2,
enemy,2,
housing,2,
urgency,2,
dissatisfaction,2,Communication_Factors
dismay,2,
anchor,2,
workplace,2,Educational_Factors
motto,2,
drink,2,
circle,2,
directress,2,
condensation,2,
resilience,2,
continent,2,
intake,2,
temper,2,Educational_Factors
dessert,2,
simple,2,
object,2,
slice,2,
spoil,2,
charity,2,
etiquette,2,
pretend,2,
extension,2,
alumnus,2,
cover,2,
playdate,2,Communication_Factors
washing,2,
ticket,2,
expressiveness,2,
coronavirus,2,
kuddo,2,
sheet,2,
accomodation,2,
maintenance,2,
curiousity,2,
ling,2,
isolation,2,
hospitality,2,
best,2,Communication_Factors
thunderstorm,2,
signing,2,
side,2,
pack,2,
downer,2,Communication_Factors
scheduling,2,
stroller,2,
tyre,2,
sensei,2,Staff_and_Management_Factors
dialogue,2,Educational_Factors
cartoon,2,
utensil,2,
beat,2,Educational_Factors
heap,2,
sound,2,
bespoke,2,
humor,2,
dyslexia,2,
readiness,2,
evident,2,
continuity,2,
profile,2,
camera,2,
cosy,2,Educational_Factors
prev,2,
dealbreaker,2,
usage,2,
oat,2,Educational_Factors
afterall,2,
bath,2,
bubble,2,
spaciousness,2,
bb,2,
briefing,2,
hiccup,2,Communication_Factors
nanny,2,
nationality,2,
perception,2,
spade,2,
blur,2,
responsiveness,2,
framework,2,
competition,2,
grandmother,2,
sync,2,
gap,2,
cheery,2,
reflection,2,
naptime,2,
hat,2,
attest,2,Educational_Factors
reapplication,2,
ointment,2,
spouse,2,
bla,2,
starting,2,
closure,2,
updating,2,
citizen,2,
marketing,2,Educational_Factors
converse,2,Educational_Factors
flat,2,
sanitization,2,
lip,2,
soldier,2,
non,2,Communication_Factors
survey,2,
hold,2,
instability,2,
disregard,2,
vp,2,Staff_and_Management_Factors
container,2,
tutelage,2,
d,2,Communication_Factors
river,2,
cycle,2,
chaser,2,
rhyme,2,
breast,2,
refusal,2,
syllable,2,
league,2,Educational_Factors
dropping,2,Educational_Factors
giver,2,
bush,2,
facebook,2,
cot,2,
meditation,2,
spoon,2,
rooftop,2,
presch,2,Educational_Factors
curve,2,
raffleskidz,2,Staff_and_Management_Factors
nurturance,2,
crisis,2,
rk,2,
household,2,
majority,2,
subtraction,2,
shift,2,
claim,2,
dumpling,2,
workout,2,
melt,2,
noon,2,
want,2,
tie,2,
shirt,2,
paint,2,
launch,2,
cow,2,
comms,2,
viewing,2,
momentum,2,
dining,2,
haze,2,
spreading,2,
personnel,2,
checklist,2,
draw,2,
cap,2,
herb,2,
witness,2,
favorite,2,
proactive,2,
module,2,
looking,2,
calling,2,
letdown,2,
vacation,2,
crybaby,2,
lizard,2,
speed,2,
contrast,2,Educational_Factors
trash,2,
bin,2,Facility_Factors
grandaughter,2,Staff_and_Management_Factors
crush,2,Communication_Factors
map,2,Facility_Factors
gangster,2,Staff_and_Management_Factors
delinquent,2,
newborn,2,
pokemon,2,Educational_Factors
housewife,2,
collection,2,
cp,2,
prove,2,
reasoning,2,
organise,2,
kampung,2,
tranquil,2,Communication_Factors
pit,2,
museum,2,
web,2,
supply,2,
discover,2,
feud,2,
napping,2,
ballet,2,
whiteboard,2,Facility_Factors
raincoat,2,
boot,2,
glue,2,
pond,2,
nest,2,
license,2,
blanket,2,
prog,2,
pr,2,Communication_Factors
firstborn,2,
psychomotor,2,
toddlerhood,2,
recycling,2,
lookout,2,
income,2,
congratulation,2,
conditioning,2,
bird,2,
myfirstskool,2,
segar,2,
origin,2,Facility_Factors
album,2,
cape,2,
subsidiary,2,Staff_and_Management_Factors
connector,2,
present,2,
relation,2,
scenario,2,
worth,2,
sink,2,
comer,2,
ptm,2,Educational_Factors
interm,2,
residence,2,
sadness,2,
footstep,2,
pagar,2,
plaza,2,
boundary,2,
tick,2,
mishap,2,Educational_Factors
pocket,2,Facility_Factors
pen,2,
bill,2,
cb,2,
earth,2,
recital,2,Educational_Factors
sum,2,
endurance,2,
miss,2,Communication_Factors
meaning,2,
spring,2,Educational_Factors
brushing,2,
tooth,2,
mastery,2,
pencil,2,
fan,2,
lakeside,2,
condo,2,
throw,2,
hurt,2,
watering,2,
inconsiderate,2,
socialising,2,
saver,2,
storm,2,
anger,2,
bacteria,2,
cherry,2,
communicator,2,Communication_Factors
杨老师,2,
trusting,2,
c,2,
tcher,2,
department,2,
guiding,2,
sacrifice,2,Communication_Factors
statistic,2,
wellness,2,
being,2,
junior,2,Educational_Factors
gratefulness,2,Communication_Factors
spark,2,
rd,2,
王老师,2,
ridge,2,
delicate,2,
邱老师,2,
chill,2,
retention,2,
asset,2,
article,2,
president,2,Staff_and_Management_Factors
clearance,2,
reporter,2,
onboarding,2,
ctr,2,
ring,2,
parade,2,
silence,2,
circulation,2,
tcer,2,Educational_Factors
seam,2,Educational_Factors
hiddy,2,
ocean,2,
vocab,2,
calculator,2,
multi,2,
waiver,2,
exam,2,
error,2,Educational_Factors
chip,2,
academia,2,
chess,2,
hill,2,
premier,2,Staff_and_Management_Factors
medication,2,Safety_and_Health_Factors
glory,2,
careless,2,
rarity,2,Communication_Factors
sop,2,
appetite,2,
shock,2,
button,2,
serving,2,
disinfection,2,
ear,2,
etonhouse,2,
valley,2,
pv,2,
calligraphy,2,
inflation,2,
mo,2,
dynamic,2,
bomb,2,
pavement,2,Facility_Factors
exit,2,
sensory,2,
opposite,2,
soccer,2,
grip,2,
acceptance,2,
brightkid,2,
homeschooling,2,
cashew,2,
condominium,2,
fenny,2,
mapletree,1,
caterer,1,
prestige,1,
deveopment,1,
agency,1,
devlopment,1,
they亦师亦友,1,
followup,1,
disclosure,1,
franchisee,1,
representative,1,
邵老师,1,
pig,1,
rapt,1,
fly,1,
hobby,1,
tribute,1,
summit,1,
seeing,1,
mon,1,
chapter,1,
recomendation,1,
jtc,1,
checker,1,
enterprise,1,
camaderie,1,
syntax,1,
revamp,1,
anecdote,1,
housekeeper,1,
tpy,1,
fantastico,1,Staff_and_Management_Factors
oftentime,1,
江老师,1,
岑老师,1,
offering,1,
first,1,
mat,1,
xylophone,1,
alumini,1,
gg,1,
wet,1,
吴娜娜老师,1,
disbelief,1,
whim,1,
fancy,1,
priscy,1,
thesis,1,
idiosyncrasy,1,
钱老师,1,
incompetence,1,
annoy,1,
dropoff,1,
criteria,1,
nurse,1,
activités,1,
mascot,1,
tummy,1,
add,1,
ons,1,
doorstep,1,Facility_Factors
bumper,1,
consequence,1,
closet,1,
punishment,1,
understand,1,
pipeline,1,
abdundance,1,
openness,1,
thinker,1,
cascade,1,
integrate,1,
handcraft,1,
carol,1,
disability,1,
whereabout,1,
integration,1,
fruity,1,
siva,1,
fincess,1,Staff_and_Management_Factors
vegan,1,
progession,1,
chit,1,
dough,1,
dauhter,1,
wizard,1,
bee,1,
fortwinklekidz,1,
considerate,1,
alll,1,Communication_Factors
plethora,1,
heartwarming,1,Staff_and_Management_Factors
benchmark,1,
win,1,
stall,1,
divider,1,
tendering,1,
serene,1,
sharon,1,Staff_and_Management_Factors
penmanship,1,
coloring,1,
camping,1,
token,1,Communication_Factors
shud,1,
online,1,
diary,1,
transiting,1,
cocoon,1,
canvas,1,
sky,1,
sunbird,1,
mudplay,1,
coop,1,
implement,1,
trycicle,1,
clap,1,
littlest,1,
protection,1,
golf,1,
excavator,1,
rv,1,
border,1,
herschool,1,
pacient,1,
unwelcoming,1,
parc,1,
scope,1,
tank,1,
fit,1,
quantity,1,
qualification,1,Staff_and_Management_Factors
restoration,1,
inviting,1,
playschool,1,Educational_Factors
tookover,1,
anytime,1,
flop,1,
toughness,1,
menus,1,
runabout,1,
fulfilling,1,
attending,1,
compund,1,
plaground,1,
ankle,1,
roller,1,
coaster,1,
flashback,1,
chewing,1,
supper,1,
sem,1,
com,1,
sq,1,
g,1,
sleeve,1,
partition,1,
goog,1,
odd,1,
ballot,1,
removal,1,
guess,1,
fluency,1,
bladder,1,
kidney,1,
scolding,1,
yz,1,
conviction,1,
disservice,1,
tenant,1,
showroom,1,
hoard,1,
tripper,1,
cargo,1,
passenger,1,
musky,1,
bldg,1,
theory,1,
runner,1,
distraction,1,
sensorial,1,
fraction,1,
accumulation,1,
punch,1,
stapler,1,
density,1,
buoyancy,1,
redundancy,1,
sunset,1,
tray,1,
jar,1,
banana,1,
goodie,1,
tale,1,
magnet,1,
cutting,1,
womb,1,
average,1,
misdemeanor,1,
sash,1,
headmistress,1,
setback,1,
mispronunciation,1,
墨西哥,1,
billboard,1,
subtitle,1,
truffle,1,
knife,1,
peeler,1,
dwarf,1,
smoking,1,
mic,1,
argument,1,
evaporation,1,
sweaty,1,
multiculturalism,1,
proprietor,1,
bounce,1,
monkey,1,
chaos,1,
potluck,1,
slicing,1,
keepsake,1,
fieldtrip,1,
toe,1,
clue,1,
absorbent,1,
shouting,1,
inheritance,1,
pdf,1,
humanity,1,
babe,1,
gimmick,1,
cart,1,
salespeople,1,
purchase,1,
pursuit,1,
toll,1,
cement,1,
padding,1,
doorbell,1,
dispute,1,
gaughter,1,
honesty,1,
demeanour,1,
effott,1,
smooth,1,
deco,1,
bt,1,
individualism,1,
breakout,1,
bravery,1,
route,1,
fortnight,1,
normalcy,1,
herd,1,
disclaimer,1,Educational_Factors
lovea,1,
make,1,
hater,1,
identity,1,
universe,1,
condemnation,1,
insecurity,1,
neighboring,1,
echo,1,
ur,1,
wonderland,1,
midway,1,
mas,1,
poster,1,
spinner,1,
chopstick,1,
loading,1,
masterpiece,1,
creator,1,
scandi,1,
pony,1,
shipping,1,Educational_Factors
tech,1,
exception,1,
gradulation,1,
sooooooooooo,1,
coming,1,
emcee,1,
permenent,1,
helmet,1,
edge,1,
leeway,1,
infront,1,
congregate,1,
sofa,1,Facility_Factors
carpet,1,
lotion,1,
midnight,1,
glove,1,
rite,1,
bump,1,
curtian,1,
busstop,1,
occupant,1,
gardener,1,
redress,1,
accross,1,
babyhouse,1,
brightness,1,
cheerfulness,1,
moisturiser,1,
battle,1,
prematurity,1,
plague,1,
culprit,1,
war,1,
army,1,
lixin,1,
starbeam,1,
sl,1,
starlearner,1,
airplane,1,
naughty,1,
dept,1,
explaining,1,
ptc,1,
rebranding,1,
buying,1,
rush,1,
zhao,1,
bad,1,
complement,1,
luxury,1,
ong,1,Communication_Factors
congrat,1,
boarding,1,
walkthrough,1,
describe,1,
shootout,1,
jane,1,
grit,1,
evryone,1,
quick,1,
handphone,1,Educational_Factors
earpiece,1,
prison,1,
indifference,1,
military,1,
store,1,
knock,1,
courier,1,
buddy,1,
snail,1,
barcode,1,
qr,1,
helpfulness,1,
trival,1,
circular,1,
translation,1,
sanitizing,1,
sanitatization,1,
hmfd,1,
nordcom,1,
piority,1,
rebrand,1,Staff_and_Management_Factors
prejudice,1,
quarantine,1,Safety_and_Health_Factors
nuisance,1,
sandcastle,1,
spoiler,1,
urslf,1,Communication_Factors
sengkangriversidepark,1,Facility_Factors
walkinthepark,1,
trail,1,
applicant,1,
bye,1,
insurance,1,
outcast,1,
damage,1,
tattoo,1,
legit,1,
disparity,1,Staff_and_Management_Factors
exclusion,1,
rsvp,1,
fridge,1,
storage,1,
confusion,1,
contradict,1,
misinformation,1,Educational_Factors
inefficiency,1,
infanthood,1,
exec,1,
multisport,1,
acquire,1,
mobility,1,
lqlimah,1,
bake,1,
practicesdo,1,
shalom,1,
alight,1,
obligation,1,
fright,1,
ethnicity,1,
sabrina,1,Staff_and_Management_Factors
gep,1,
onward,1,
bro,1,
karaoke,1,Educational_Factors
lung,1,
shoppe,1,
vomit,1,
commenter,1,Communication_Factors
grasp,1,
law,1,
minuet,1,
madam,1,
jelly,1,
encourage,1,
palsy,1,
rehabilitation,1,
trike,1,
sub,1,
freedom,1,
jitter,1,
confinement,1,
mooncake,1,
grouping,1,
rtm,1,
dexterity,1,
数星星,1,
here,1,Communication_Factors
graciousness,1,
impatient,1,
misconception,1,
ciriculum,1,
familiarity,1,
physical,1,
liking,1,
decomposition,1,
endemic,1,
inevitability,1,
curricula,1,
明老师,1,
吕老师,1,
mega,1,
ideology,1,
overview,1,
neater,1,
thousand,1,
cooker,1,
bike,1,
commsbook,1,
comaraderie,1,
downfall,1,
rejection,1,
lustre,1,
flippant,1,
lane,1,
knowing,1,
美玉老师,1,
mail,1,
justification,1,
acknowledgement,1,
bp,1,
meiyu,1,Educational_Factors
active,1,
dye,1,
summery,1,
snapshot,1,
close,1,
dairy,1,
crossing,1,
bulletin,1,
bilingual,1,
transform,1,
limit,1,
tact,1,
dedicadion,1,
accompaniment,1,
adapt,1,
duaghter,1,
believer,1,
fundraiser,1,
eldercare,1,
authenticity,1,
sensor,1,
wrapper,1,
stick,1,
buzzword,1,
hairstyle,1,Educational_Factors
trf,1,
spa,1,
andphilosophy,1,
eduction,1,
planner,1,
lab,1,
puzzle,1,
leisure,1,
competitor,1,
speechless,1,
agreement,1,
upadate,1,
heartland,1,
licensing,1,
environ,1,Facility_Factors
visual,1,
print,1,
regine,1,
kavi,1,
loushu,1,
plase,1,Communication_Factors
confuse,1,
assure,1,
displeasure,1,
mc,1,
experiance,1,
linchun,1,
proceed,1,
popcorn,1,
neighbouring,1,
scream,1,
intensity,1,
trauma,1,
allow,1,
affiliation,1,
peoplw,1,Communication_Factors
rat,1,
motoring,1,
stakeholder,1,
sandbox,1,
torture,1,
auto,1,
provision,1,Educational_Factors
bco,1,
hangout,1,
childeran,1,
grill,1,
adminstrator,1,
mud,1,Educational_Factors
chye,1,
lia,1,Communication_Factors
ē,1,
chute,1,
leant,1,
shoulder,1,
dissemination,1,
pedagogue,1,
eva,1,Staff_and_Management_Factors
ata,1,Communication_Factors
foyer,1,
english,1,
revival,1,Facility_Factors
iq,1,
kindergarden,1,Facility_Factors
perfection,1,
onset,1,
modernity,1,
haphazard,1,
kintergarden,1,
stretch,1,
clarice,1,
iza,1,
drinking,1,
roster,1,
acuman,1,
safra,1,
swim,1,
heartware,1,
ambiance,1,
multitude,1,
stint,1,
filing,1,
tape,1,
ilovenewtonkindergarten,1,
nk,1,
split,1,
chinese,1,
upgrading,1,
loner,1,
errand,1,
favouritism,1,Communication_Factors
precinct,1,Educational_Factors
interval,1,
dread,1,
hometown,1,
theblast,1,
whampoa,1,
pri,1,
sckool,1,
transportation,1,
inability,1,
activate,1,
juncture,1,
threenager,1,
geninue,1,
chidlren,1,
recycle,1,
danger,1,
helping,1,
upgrowing,1,
criticism,1,
fault,1,
drawer,1,
turtle,1,
nail,1,
b,1,
vege,1,
basket,1,Facility_Factors
shelf,1,
ensure,1,
planting,1,
senja,1,Facility_Factors
hurry,1,
tempreture,1,
activie,1,
antic,1,
possibility,1,
watching,1,
龙老师,1,
publication,1,
starter,1,
capital,1,
cloth,1,
acedemic,1,
shool,1,Educational_Factors
screening,1,
gig,1,
raise,1,
link,1,
patent,1,
district,1,
pole,1,
positiveness,1,
mintue,1,
childrend,1,
rude,1,
grown,1,
passersby,1,
big,1,
playform,1,
studentnot,1,
detour,1,
contractor,1,
passer,1,
veriety,1,
mattress,1,
puppet,1,
teenager,1,
vincinity,1,
motion,1,
reliability,1,
timeliness,1,
appeitte,1,
tchrs,1,
corvid,1,
sanitizer,1,
cleanness,1,
imagine,1,
shd,1,
affordability,1,
relevance,1,
gong,1,
grandpa,1,
cooperativeness,1,
bcs,1,
anf,1,
construction,1,
seek,1,
oversight,1,
publicity,1,
stunt,1,
portray,1,
official,1,
denial,1,
cutlery,1,
lace,1,
toodler,1,
opportuntie,1,
overload,1,
postive,1,
threat,1,
duck,1,
horror,1,
recognise,1,
shifting,1,Educational_Factors
excelent,1,Educational_Factors
layer,1,
hawker,1,
watery,1,
saline,1,
cotton,1,
antibiotic,1,
redness,1,
herpanginia,1,
finding,1,
remorse,1,
spend,1,
steroid,1,
aptitude,1,
lecture,1,
acitivity,1,
rollerblading,1,
tote,1,
fatigue,1,
startup,1,
chinatown,1,
curricular,1,
goody,1,
elsa,1,Staff_and_Management_Factors
zodiac,1,
decor,1,
grounding,1,
cny,1,Communication_Factors
autumn,1,
zhongshan,1,
corporation,1,
margin,1,
recovery,1,
flavor,1,
soup,1,
z,1,
storybook,1,
closeness,1,
finish,1,
sportsmanship,1,
ye,1,Staff_and_Management_Factors
tho,1,
bravo,1,
snow,1,
landscape,1,
dragon,1,
ms,1,Staff_and_Management_Factors
boon,1,
lion,1,
timeeee,1,Communication_Factors
yuan,1,
ambition,1,
enlightenment,1,
deed,1,
deficiency,1,
evaluation,1,
streaming,1,
cbp,1,
oasis,1,
steward,1,
nourishing,1,
lingling,1,
vivian,1,
enzo,1,
purifier,1,
coating,1,
operating,1,
pacifier,1,
conversing,1,
慢慢老师,1,
flawless,1,
谢谢黄老师,1,
twinkle,1,Communication_Factors
reach,1,
proactiveness,1,
maturity,1,
诗词,1,
newbie,1,
wrong,1,
strike,1,
entrust,1,
shyness,1,
activtie,1,
adjusting,1,
belly,1,
telecommunication,1,Communication_Factors
telephone,1,
sure,1,
tele,1,
victimization,1,
litmus,1,
scooter,1,
significance,1,
debris,1,
sedation,1,
soil,1,
slope,1,
harvesting,1,
practitioner,1,
eave,1,
ppl,1,
sometine,1,
saint,1,
wedding,1,
soleminsation,1,
certification,1,
gold,1,
starlight,1,
florence,1,
lian,1,
choon,1,
back,1,
afford,1,
rubbish,1,
enter,1,
capstone,1,
worship,1,
tag,1,
lp,1,
fogging,1,
laoshis,1,
fillipino,1,
cash,1,
learningkidz,1,
heed,1,Communication_Factors
creature,1,
cushion,1,
out,1,
pavilion,1,
stench,1,
covering,1,
mediation,1,Communication_Factors
introduce,1,
helpfull,1,
patence,1,
pikachu,1,
mistress,1,
deliberation,1,
efficiency,1,
put,1,
greenhouse,1,
iota,1,
segregation,1,
casual,1,
inside,1,
marissa,1,
staffer,1,
logbook,1,
prob,1,
lagging,1,
sms,1,
batok,1,
yishun,1,
gems,1,
tat,1,
yesss,1,
conducive,1,
awwsome,1,
storeroom,1,
ayla,1,Staff_and_Management_Factors
resumption,1,
observance,1,
enviroment,1,
dory,1,
hue,1,
rrr,1,
deadline,1,
existent,1,
reactive,1,
berina,1,
accord,1,
wat,1,
lynn,1,
interact,1,
grp,1,Staff_and_Management_Factors
tr,1,
trs,1,
rise,1,
thread,1,
tini,1,
outspread,1,
connectness,1,
monster,1,
wellfare,1,
favourtie,1,
lap,1,
sleeping,1,
atleast,1,
hehe,1,
cousin,1,
celsius,1,
festivity,1,
gear,1,
hood,1,Educational_Factors
editing,1,
教师节快乐,1,
excitment,1,
koala,1,
workday,1,
conscientiousness,1,
ciriculumn,1,
hoop,1,
nuture,1,
distinction,1,
prinicpal,1,
daughtere,1,
guarantee,1,
bring,1,
hear,1,
gratefulparent,1,
stimulation,1,
darius,1,
healthcare,1,
fortune,1,
treasure,1,
rack,1,
serve,1,
ecda,1,
puggnol,1,
讲华语,1,
roll,1,
desire,1,
couragement,1,
collegiality,1,Educational_Factors
jasper,1,Staff_and_Management_Factors
hong,1,
undergarment,1,
notallheroeswearcape,1,Educational_Factors
tock,1,
attentive,1,
ongoing,1,
cornerstone,1,
tofu,1,
seaweed,1,
drift,1,Educational_Factors
exude,1,
tis,1,
fax,1,
handing,1,
littlefamilyroom,1,
vicky,1,
label,1,
posture,1,
negativity,1,
monitoring,1,
depo,1,
applaud,1,Communication_Factors
ttsh,1,
nuhs,1,
girle,1,
ambassador,1,
humbling,1,
cabin,1,
enroll,1,
plaform,1,
celebrate,1,
athlete,1,
putting,1,
athletic,1,
chemistry,1,
ramp,1,
buggy,1,
stair,1,
cater,1,
cecil,1,
max,1,
corn,1,Educational_Factors
ger,1,
mxxxxbear,1,
yap,1,
skye,1,
posso,1,
learningkid,1,
escalator,1,
glance,1,
restand,1,
memo,1,
go,1,
medal,1,
delication,1,
running,1,
super,1,Educational_Factors
imprinting,1,Educational_Factors
analysis,1,
device,1,
whistleblowing,1,
whistleblower,1,
radio,1,
glimmer,1,
deputy,1,
th,1,
textbook,1,
nevause,1,
blue,1,
malay,1,
encouragment,1,
evryday,1,
kidzmeadow,1,
gratitute,1,Communication_Factors
positive,1,
sailing,1,
net,1,
tack,1,
teachs,1,
ligh,1,
lard,1,
wif,1,
encompasse,1,
disappoint,1,
cohesion,1,
motivator,1,
nurul,1,Staff_and_Management_Factors
snippet,1,Educational_Factors
traning,1,
supportive,1,
knack,1,
wrapping,1,
burito,1,
conserve,1,
dilla,1,
narrator,1,
independance,1,
shirley,1,
salha,1,Staff_and_Management_Factors
blood,1,
respond,1,
soonhao,1,Educational_Factors
fellow,1,
lanlan,1,
hell,1,
curveball,1,
outdoorplay,1,
家昕老师,1,
jumper,1,
singlish,1,
frontline,1,
shortlist,1,
mushroom,1,
bucket,1,
salmonella,1,
turquoise,1,
autonomy,1,
consciousness,1,
prefer,1,
simin,1,
thaddeus,1,
worm,1,
heroine,1,
comforting,1,
郭老师,1,
ivy,1,
issac,1,
assuring,1,
discomfort,1,
bear,1,
monsoon,1,
fire,1,
budget,1,Cost_Factors
stufy,1,
fews,1,
jgps,1,
playarea,1,
bacause,1,
scenery,1,
harbour,1,
sis,1,
grammar,1,
trick,1,
nick,1,
tutee,1,
publishing,1,
fame,1,
compos,1,
player,1,Educational_Factors
wa,1,
diarrhoea,1,
target,1,
operandi,1,
blog,1,
repetition,1,
jump,1,
script,1,
currency,1,
ib,1,Educational_Factors
peel,1,
answering,1,
clerk,1,
lawn,1,
reopening,1,
interviewer,1,
ic,1,
verity,1,
rocketeer,1,
warned,1,Communication_Factors
opp,1,
inner,1,
som,1,
twd,1,
breakthrus,1,
classmatez,1,
wld,1,
schs,1,
ntg,1,
sheep,1,
particular,1,
wayang,1,Educational_Factors
clan,1,
teather,1,Staff_and_Management_Factors
dictation,1,
mandate,1,
govt,1,
freshner,1,
toxin,1,
diffident,1,
ender,1,
effert,1,
priciple,1,
perform,1,
carefulness,1,
usability,1,
superstar,1,
mindz,1,
etc,1,
kelly,1,
temp,1,
daylight,1,
pause,1,
frequency,1,
instigation,1,
standby,1,
tendency,1,
politic,1,
pill,1,
goodwill,1,
hunting,1,
jusinfant,1,
babycentreinsg,1,
breastfeeding,1,
stash,1,
wax,1,
marvel,1,
mandrin,1,
gripe,1,Communication_Factors
carb,1,
mantou,1,
filling,1,
sanzijing,1,
intersection,1,
outage,1,
tingxie,1,
newton,1,
navi,1,
ti,1,
eton,1,Staff_and_Management_Factors
bery,1,
homecraft,1,
watch,1,
brood,1,
pearl,1,
honey,1,
opulence,1,
teller,1,
impartation,1,
twinkling,1,
mama,1,
caroline,1,
dimension,1,
northstar,1,
laugh,1,
talker,1,
acting,1,
bto,1,
complete,1,
fiesta,1,
involvment,1,
ning,1,
ad,1,
replacement,1,
weed,1,
tejaswini,1,Staff_and_Management_Factors
thrice,1,
footage,1,
skip,1,
gadget,1,
angel,1,
munchkin,1,
petal,1,
spice,1,
cherish,1,
perserverance,1,
willow,1,Staff_and_Management_Factors
intimacy,1,
finally,1,
tome,1,
quaint,1,
colonial,1,
together,1,
mechanism,1,
childrenbha,1,
unity,1,
expense,1,
guilt,1,
gut,1,
granny,1,
policing,1,
fine,1,
memorial,1,
firestation,1,
imparting,1,
sumtime,1,
lover,1,
flight,1,
elina,1,
lu老师,1,
crayon,1,
litter,1,
usefuladvice,1,
storming,1,
congestion,1,
approx,1,
approval,1,
paveway,1,
hippopotamus,1,
abrasion,1,
knee,1,
posting,1,
angrier,1,
highlighting,1,
labelling,1,
plea,1,Communication_Factors
compliance,1,
timeframe,1,
blow,1,
discrimination,1,
stance,1,
compromise,1,
aerospace,1,
countryside,1,
junk,1,
candy,1,
mural,1,Educational_Factors
stitch,1,
hamper,1,
schook,1,
introvert,1,
hike,1,
campfire,1,
firewood,1,
ok,1,
lo,1,
phobia,1,
pedestrian,1,
tevie,1,Educational_Factors
ellie,1,
boat,1,
otter,1,
saviour,1,
roti,1,
platter,1,
settling,1,
certainty,1,
debate,1,
massage,1,
daugter,1,Staff_and_Management_Factors
favoritism,1,
bid,1,
rebate,1,
enhancement,1,
ountry,1,
sgcc,1,
experimentation,1,
tidbit,1,
designing,1,
heartiest,1,Communication_Factors
swimmer,1,
amount,1,
oodle,1,
stamina,1,
马老师,1,
steam,1,Facility_Factors
andtend,1,
ego,1,
explode,1,
wipe,1,
upload,1,
perk,1,
gallery,1,
convulsion,1,
itch,1,
distress,1,
incidence,1,
ermm,1,
avoid,1,
drawback,1,
penalty,1,
miscommunication,1,
avail,1,
fyi,1,
childproof,1,
childproofing,1,
grief,1,
peril,1,
loss,1,Communication_Factors
occurrence,1,
absenteeism,1,
exodus,1,
genius,1,
hone,1,
kingsford,1,
bday,1,
butt,1,
chafing,1,
blacklist,1,
ish,1,
chin,1,
wag,1,
sasa,1,
cambridge,1,
tra,1,
artra,1,
doctrine,1,
partying,1,
barbeque,1,
heaven,1,
examplar,1,
honour,1,
gateway,1,
juice,1,
authorisation,1,
correspondence,1,
bone,1,
compensation,1,
deformation,1,
gender,1,
plural,1,
canal,1,
slab,1,
thete,1,
accolade,1,
tution,1,Educational_Factors
locality,1,
intro,1,
thankfulness,1,Communication_Factors
fade,1,
negative,1,Communication_Factors
cov,1,
uv,1,
sanitising,1,
chatting,1,
jellyfish,1,
salamander,1,
gathering,1,
learn,1,
greatfull,1,Communication_Factors
tighten,1,
greet,1,
stew,1,
methodist,1,
babyelk,1,
pragathi,1,
centile,1,
workload,1,
pillow,1,
towel,1,
recruitment,1,Staff_and_Management_Factors
astronaut,1,
poop,1,
giving,1,Communication_Factors
qiqif,1,Communication_Factors
negotiation,1,Communication_Factors
tbh,1,
themself,1,
pedal,1,
kart,1,
passerby,1,
jing,1,
internet,1,
pollution,1,
highway,1,
garbage,1,
due,1,
actitive,1,
pickie,1,
protein,1,
chew,1,
playgrp,1,
nutella,1,
cck,1,Communication_Factors
barrier,1,
keki,1,
maid,1,
housework,1,
magazine,1,
週老師,1,
farhana,1,
verda,1,
distribution,1,
providing,1,
neurodivergent,1,Educational_Factors
pour,1,
